image_id,crop_path,error_type,crop_label,prediction,probability_dirty_positive,selected_threshold,threshold_margin,selection_reason,contact_sheet_path
1,dirty_positive/dirty_1_13.jpg,false_negative,dirty_positive,clean_negative,0.01265597,0.20,0.18734403,selected high-priority source; sorted by largest threshold margin,tmp\sourcewise_error_atlas\run_001\contact_sheets\source_1_false_negative.jpg
1,dirty_positive/dirty_1_24.jpg,false_negative,dirty_positive,clean_negative,0.02755668,0.20,0.17244332,selected high-priority source; sorted by largest threshold margin,tmp\sourcewise_error_atlas\run_001\contact_sheets\source_1_false_negative.jpg
1,dirty_positive/dirty_1_16.jpg,false_negative,dirty_positive,clean_negative,0.03393212,0.20,0.16606788,selected high-priority source; sorted by largest threshold margin,tmp\sourcewise_error_atlas\run_001\contact_sheets\source_1_false_negative.jpg
1,dirty_positive/dirty_1_19.jpg,false_negative,dirty_positive,clean_negative,0.03963343,0.20,0.16036657,selected high-priority source; sorted by largest threshold margin,tmp\sourcewise_error_atlas\run_001\contact_sheets\source_1_false_negative.jpg
1,dirty_positive/dirty_1_14.jpg,false_negative,dirty_positive,clean_negative,0.04145322,0.20,0.15854678,selected high-priority source; sorted by largest threshold margin,tmp\sourcewise_error_atlas\run_001\contact_sheets\source_1_false_negative.jpg
1,dirty_positive/dirty_1_34.jpg,false_negative,dirty_positive,clean_negative,0.04548743,0.20,0.15451257,selected high-priority source; sorted by largest threshold margin,tmp\sourcewise_error_atlas\run_001\contact_sheets\source_1_false_negative.jpg
1,dirty_positive/dirty_1_15.jpg,false_negative,dirty_positive,clean_negative,0.05061245,0.20,0.14938755,selected high-priority source; sorted by largest threshold margin,tmp\sourcewise_error_atlas\run_001\contact_sheets\source_1_false_negative.jpg
1,dirty_positive/dirty_1_25.jpg,false_negative,dirty_positive,clean_negative,0.05629754,0.20,0.14370246,selected high-priority source; sorted by largest threshold margin,tmp\sourcewise_error_atlas\run_001\contact_sheets\source_1_false_negative.jpg
1,dirty_positive/dirty_1_12.jpg,false_negative,dirty_positive,clean_negative,0.08783327,0.20,0.11216673,selected high-priority source; sorted by largest threshold margin,tmp\sourcewise_error_atlas\run_001\contact_sheets\source_1_false_negative.jpg
1,dirty_positive/dirty_1_41.jpg,false_negative,dirty_positive,clean_negative,0.09327154,0.20,0.10672846,selected high-priority source; sorted by largest threshold margin,tmp\sourcewise_error_atlas\run_001\contact_sheets\source_1_false_negative.jpg
1,dirty_positive/dirty_1_2.jpg,false_negative,dirty_positive,clean_negative,0.09509154,0.20,0.10490846,selected high-priority source; sorted by largest threshold margin,tmp\sourcewise_error_atlas\run_001\contact_sheets\source_1_false_negative.jpg
1,dirty_positive/dirty_1_27.jpg,false_negative,dirty_positive,clean_negative,0.10569947,0.20,0.09430053,selected high-priority source; sorted by largest threshold margin,tmp\sourcewise_error_atlas\run_001\contact_sheets\source_1_false_negative.jpg
1,dirty_positive/dirty_1_22.jpg,false_negative,dirty_positive,clean_negative,0.10812544,0.20,0.09187456,selected high-priority source; sorted by largest threshold margin,tmp\sourcewise_error_atlas\run_001\contact_sheets\source_1_false_negative.jpg
1,dirty_positive/dirty_1_17.jpg,false_negative,dirty_positive,clean_negative,0.11019089,0.20,0.08980911,selected high-priority source; sorted by largest threshold margin,tmp\sourcewise_error_atlas\run_001\contact_sheets\source_1_false_negative.jpg
1,dirty_positive/dirty_1_1.jpg,false_negative,dirty_positive,clean_negative,0.12165841,0.20,0.07834159,selected high-priority source; sorted by largest threshold margin,tmp\sourcewise_error_atlas\run_001\contact_sheets\source_1_false_negative.jpg
1,dirty_positive/dirty_1_11.jpg,false_negative,dirty_positive,clean_negative,0.12311688,0.20,0.07688312,selected high-priority source; sorted by largest threshold margin,tmp\sourcewise_error_atlas\run_001\contact_sheets\source_1_false_negative.jpg
1,clean_negative/clean_1_64.jpg,false_positive,clean_negative,dirty_positive,0.99304943,0.20,0.79304943,selected high-priority source; sorted by largest threshold margin,tmp\sourcewise_error_atlas\run_001\contact_sheets\source_1_false_positive.jpg
1,clean_negative/clean_1_83.jpg,false_positive,clean_negative,dirty_positive,0.98086010,0.20,0.78086010,selected high-priority source; sorted by largest threshold margin,tmp\sourcewise_error_atlas\run_001\contact_sheets\source_1_false_positive.jpg
1,clean_negative/clean_1_82.jpg,false_positive,clean_negative,dirty_positive,0.98085781,0.20,0.78085781,selected high-priority source; sorted by largest threshold margin,tmp\sourcewise_error_atlas\run_001\contact_sheets\source_1_false_positive.jpg
1,clean_negative/clean_1_48.jpg,false_positive,clean_negative,dirty_positive,0.97530421,0.20,0.77530421,selected high-priority source; sorted by largest threshold margin,tmp\sourcewise_error_atlas\run_001\contact_sheets\source_1_false_positive.jpg
1,clean_negative/clean_1_47.jpg,false_positive,clean_negative,dirty_positive,0.97500921,0.20,0.77500921,selected high-priority source; sorted by largest threshold margin,tmp\sourcewise_error_atlas\run_001\contact_sheets\source_1_false_positive.jpg
1,clean_negative/clean_1_84.jpg,false_positive,clean_negative,dirty_positive,0.97258761,0.20,0.77258761,selected high-priority source; sorted by largest threshold margin,tmp\sourcewise_error_atlas\run_001\contact_sheets\source_1_false_positive.jpg
1,clean_negative/clean_1_45.jpg,false_positive,clean_negative,dirty_positive,0.96806164,0.20,0.76806164,selected high-priority source; sorted by largest threshold margin,tmp\sourcewise_error_atlas\run_001\contact_sheets\source_1_false_positive.jpg
1,clean_negative/clean_1_63.jpg,false_positive,clean_negative,dirty_positive,0.95852879,0.20,0.75852879,selected high-priority source; sorted by largest threshold margin,tmp\sourcewise_error_atlas\run_001\contact_sheets\source_1_false_positive.jpg
1,clean_negative/clean_1_62.jpg,false_positive,clean_negative,dirty_positive,0.95503723,0.20,0.75503723,selected high-priority source; sorted by largest threshold margin,tmp\sourcewise_error_atlas\run_001\contact_sheets\source_1_false_positive.jpg
1,clean_negative/clean_1_95.jpg,false_positive,clean_negative,dirty_positive,0.94989119,0.20,0.74989119,selected high-priority source; sorted by largest threshold margin,tmp\sourcewise_error_atlas\run_001\contact_sheets\source_1_false_positive.jpg
1,clean_negative/clean_1_90.jpg,false_positive,clean_negative,dirty_positive,0.94901353,0.20,0.74901353,selected high-priority source; sorted by largest threshold margin,tmp\sourcewise_error_atlas\run_001\contact_sheets\source_1_false_positive.jpg
1,clean_negative/clean_1_46.jpg,false_positive,clean_negative,dirty_positive,0.94243138,0.20,0.74243138,selected high-priority source; sorted by largest threshold margin,tmp\sourcewise_error_atlas\run_001\contact_sheets\source_1_false_positive.jpg
1,clean_negative/clean_1_30.jpg,false_positive,clean_negative,dirty_positive,0.92211944,0.20,0.72211944,selected high-priority source; sorted by largest threshold margin,tmp\sourcewise_error_atlas\run_001\contact_sheets\source_1_false_positive.jpg
1,clean_negative/clean_1_61.jpg,false_positive,clean_negative,dirty_positive,0.90396199,0.20,0.70396199,selected high-priority source; sorted by largest threshold margin,tmp\sourcewise_error_atlas\run_001\contact_sheets\source_1_false_positive.jpg
1,clean_negative/clean_1_34.jpg,false_positive,clean_negative,dirty_positive,0.90182591,0.20,0.70182591,selected high-priority source; sorted by largest threshold margin,tmp\sourcewise_error_atlas\run_001\contact_sheets\source_1_false_positive.jpg
1,clean_negative/clean_1_68.jpg,false_positive,clean_negative,dirty_positive,0.86466848,0.20,0.66466848,selected high-priority source; sorted by largest threshold margin,tmp\sourcewise_error_atlas\run_001\contact_sheets\source_1_false_positive.jpg
4,dirty_positive/dirty_4_12.jpg,false_negative,dirty_positive,clean_negative,0.07418564,0.25,0.17581436,selected high-priority source; sorted by largest threshold margin,tmp\sourcewise_error_atlas\run_001\contact_sheets\source_4_false_negative.jpg
4,dirty_positive/dirty_4_11.jpg,false_negative,dirty_positive,clean_negative,0.10234457,0.25,0.14765543,selected high-priority source; sorted by largest threshold margin,tmp\sourcewise_error_atlas\run_001\contact_sheets\source_4_false_negative.jpg
4,dirty_positive/dirty_4_9.jpg,false_negative,dirty_positive,clean_negative,0.10708628,0.25,0.14291372,selected high-priority source; sorted by largest threshold margin,tmp\sourcewise_error_atlas\run_001\contact_sheets\source_4_false_negative.jpg
4,dirty_positive/dirty_4_10.jpg,false_negative,dirty_positive,clean_negative,0.17154871,0.25,0.07845129,selected high-priority source; sorted by largest threshold margin,tmp\sourcewise_error_atlas\run_001\contact_sheets\source_4_false_negative.jpg
4,dirty_positive/dirty_4_71.jpg,false_negative,dirty_positive,clean_negative,0.19263142,0.25,0.05736858,selected high-priority source; sorted by largest threshold margin,tmp\sourcewise_error_atlas\run_001\contact_sheets\source_4_false_negative.jpg
4,clean_negative/clean_4_4.jpg,false_positive,clean_negative,dirty_positive,0.99362458,0.25,0.74362458,selected high-priority source; sorted by largest threshold margin,tmp\sourcewise_error_atlas\run_001\contact_sheets\source_4_false_positive.jpg
4,clean_negative/clean_4_160.jpg,false_positive,clean_negative,dirty_positive,0.98560669,0.25,0.73560669,selected high-priority source; sorted by largest threshold margin,tmp\sourcewise_error_atlas\run_001\contact_sheets\source_4_false_positive.jpg
4,clean_negative/clean_4_166.jpg,false_positive,clean_negative,dirty_positive,0.97719984,0.25,0.72719984,selected high-priority source; sorted by largest threshold margin,tmp\sourcewise_error_atlas\run_001\contact_sheets\source_4_false_positive.jpg
4,clean_negative/clean_4_154.jpg,false_positive,clean_negative,dirty_positive,0.97513930,0.25,0.72513930,selected high-priority source; sorted by largest threshold margin,tmp\sourcewise_error_atlas\run_001\contact_sheets\source_4_false_positive.jpg
4,clean_negative/clean_4_27.jpg,false_positive,clean_negative,dirty_positive,0.97390129,0.25,0.72390129,selected high-priority source; sorted by largest threshold margin,tmp\sourcewise_error_atlas\run_001\contact_sheets\source_4_false_positive.jpg
4,clean_negative/clean_4_121.jpg,false_positive,clean_negative,dirty_positive,0.96622146,0.25,0.71622146,selected high-priority source; sorted by largest threshold margin,tmp\sourcewise_error_atlas\run_001\contact_sheets\source_4_false_positive.jpg
4,clean_negative/clean_4_153.jpg,false_positive,clean_negative,dirty_positive,0.96522087,0.25,0.71522087,selected high-priority source; sorted by largest threshold margin,tmp\sourcewise_error_atlas\run_001\contact_sheets\source_4_false_positive.jpg
4,clean_negative/clean_4_152.jpg,false_positive,clean_negative,dirty_positive,0.96365811,0.25,0.71365811,selected high-priority source; sorted by largest threshold margin,tmp\sourcewise_error_atlas\run_001\contact_sheets\source_4_false_positive.jpg
4,clean_negative/clean_4_161.jpg,false_positive,clean_negative,dirty_positive,0.96154567,0.25,0.71154567,selected high-priority source; sorted by largest threshold margin,tmp\sourcewise_error_atlas\run_001\contact_sheets\source_4_false_positive.jpg
4,clean_negative/clean_4_146.jpg,false_positive,clean_negative,dirty_positive,0.96085749,0.25,0.71085749,selected high-priority source; sorted by largest threshold margin,tmp\sourcewise_error_atlas\run_001\contact_sheets\source_4_false_positive.jpg
4,clean_negative/clean_4_30.jpg,false_positive,clean_negative,dirty_positive,0.96080272,0.25,0.71080272,selected high-priority source; sorted by largest threshold margin,tmp\sourcewise_error_atlas\run_001\contact_sheets\source_4_false_positive.jpg
4,clean_negative/clean_4_183.jpg,false_positive,clean_negative,dirty_positive,0.96047508,0.25,0.71047508,selected high-priority source; sorted by largest threshold margin,tmp\sourcewise_error_atlas\run_001\contact_sheets\source_4_false_positive.jpg
4,clean_negative/clean_4_5.jpg,false_positive,clean_negative,dirty_positive,0.96042741,0.25,0.71042741,selected high-priority source; sorted by largest threshold margin,tmp\sourcewise_error_atlas\run_001\contact_sheets\source_4_false_positive.jpg
4,clean_negative/clean_4_151.jpg,false_positive,clean_negative,dirty_positive,0.95990875,0.25,0.70990875,selected high-priority source; sorted by largest threshold margin,tmp\sourcewise_error_atlas\run_001\contact_sheets\source_4_false_positive.jpg
4,clean_negative/clean_4_106.jpg,false_positive,clean_negative,dirty_positive,0.95950483,0.25,0.70950483,selected high-priority source; sorted by largest threshold margin,tmp\sourcewise_error_atlas\run_001\contact_sheets\source_4_false_positive.jpg
4,clean_negative/clean_4_181.jpg,false_positive,clean_negative,dirty_positive,0.95810098,0.25,0.70810098,selected high-priority source; sorted by largest threshold margin,tmp\sourcewise_error_atlas\run_001\contact_sheets\source_4_false_positive.jpg
5,dirty_positive/dirty_5_99.jpg,false_negative,dirty_positive,clean_negative,0.00889406,0.75,0.74110594,selected high-priority source; sorted by largest threshold margin,tmp\sourcewise_error_atlas\run_001\contact_sheets\source_5_false_negative.jpg
5,dirty_positive/dirty_5_97.jpg,false_negative,dirty_positive,clean_negative,0.00905054,0.75,0.74094946,selected high-priority source; sorted by largest threshold margin,tmp\sourcewise_error_atlas\run_001\contact_sheets\source_5_false_negative.jpg
5,dirty_positive/dirty_5_30.jpg,false_negative,dirty_positive,clean_negative,0.01125193,0.75,0.73874807,selected high-priority source; sorted by largest threshold margin,tmp\sourcewise_error_atlas\run_001\contact_sheets\source_5_false_negative.jpg
5,dirty_positive/dirty_5_100.jpg,false_negative,dirty_positive,clean_negative,0.02597635,0.75,0.72402365,selected high-priority source; sorted by largest threshold margin,tmp\sourcewise_error_atlas\run_001\contact_sheets\source_5_false_negative.jpg
5,dirty_positive/dirty_5_94.jpg,false_negative,dirty_positive,clean_negative,0.06456818,0.75,0.68543182,selected high-priority source; sorted by largest threshold margin,tmp\sourcewise_error_atlas\run_001\contact_sheets\source_5_false_negative.jpg
5,dirty_positive/dirty_5_98.jpg,false_negative,dirty_positive,clean_negative,0.07147574,0.75,0.67852426,selected high-priority source; sorted by largest threshold margin,tmp\sourcewise_error_atlas\run_001\contact_sheets\source_5_false_negative.jpg
5,dirty_positive/dirty_5_96.jpg,false_negative,dirty_positive,clean_negative,0.08885032,0.75,0.66114968,selected high-priority source; sorted by largest threshold margin,tmp\sourcewise_error_atlas\run_001\contact_sheets\source_5_false_negative.jpg
5,dirty_positive/dirty_5_48.jpg,false_negative,dirty_positive,clean_negative,0.12718570,0.75,0.62281430,selected high-priority source; sorted by largest threshold margin,tmp\sourcewise_error_atlas\run_001\contact_sheets\source_5_false_negative.jpg
5,dirty_positive/dirty_5_92.jpg,false_negative,dirty_positive,clean_negative,0.13934345,0.75,0.61065655,selected high-priority source; sorted by largest threshold margin,tmp\sourcewise_error_atlas\run_001\contact_sheets\source_5_false_negative.jpg
5,dirty_positive/dirty_5_95.jpg,false_negative,dirty_positive,clean_negative,0.15285029,0.75,0.59714971,selected high-priority source; sorted by largest threshold margin,tmp\sourcewise_error_atlas\run_001\contact_sheets\source_5_false_negative.jpg
5,dirty_positive/dirty_5_88.jpg,false_negative,dirty_positive,clean_negative,0.15584498,0.75,0.59415502,selected high-priority source; sorted by largest threshold margin,tmp\sourcewise_error_atlas\run_001\contact_sheets\source_5_false_negative.jpg
5,dirty_positive/dirty_5_45.jpg,false_negative,dirty_positive,clean_negative,0.15625907,0.75,0.59374093,selected high-priority source; sorted by largest threshold margin,tmp\sourcewise_error_atlas\run_001\contact_sheets\source_5_false_negative.jpg
5,dirty_positive/dirty_5_66.jpg,false_negative,dirty_positive,clean_negative,0.15909545,0.75,0.59090455,selected high-priority source; sorted by largest threshold margin,tmp\sourcewise_error_atlas\run_001\contact_sheets\source_5_false_negative.jpg
5,dirty_positive/dirty_5_89.jpg,false_negative,dirty_positive,clean_negative,0.16770114,0.75,0.58229886,selected high-priority source; sorted by largest threshold margin,tmp\sourcewise_error_atlas\run_001\contact_sheets\source_5_false_negative.jpg
5,dirty_positive/dirty_5_79.jpg,false_negative,dirty_positive,clean_negative,0.18740099,0.75,0.56259901,selected high-priority source; sorted by largest threshold margin,tmp\sourcewise_error_atlas\run_001\contact_sheets\source_5_false_negative.jpg
5,dirty_positive/dirty_5_46.jpg,false_negative,dirty_positive,clean_negative,0.19703407,0.75,0.55296593,selected high-priority source; sorted by largest threshold margin,tmp\sourcewise_error_atlas\run_001\contact_sheets\source_5_false_negative.jpg
6,dirty_positive/dirty_6_68.jpg,false_negative,dirty_positive,clean_negative,0.07692789,0.25,0.17307211,selected high-priority source; sorted by largest threshold margin,tmp\sourcewise_error_atlas\run_001\contact_sheets\source_6_false_negative.jpg
6,dirty_positive/dirty_6_27.jpg,false_negative,dirty_positive,clean_negative,0.07824464,0.25,0.17175536,selected high-priority source; sorted by largest threshold margin,tmp\sourcewise_error_atlas\run_001\contact_sheets\source_6_false_negative.jpg
6,dirty_positive/dirty_6_26.jpg,false_negative,dirty_positive,clean_negative,0.09728208,0.25,0.15271792,selected high-priority source; sorted by largest threshold margin,tmp\sourcewise_error_atlas\run_001\contact_sheets\source_6_false_negative.jpg
6,dirty_positive/dirty_6_25.jpg,false_negative,dirty_positive,clean_negative,0.10223060,0.25,0.14776940,selected high-priority source; sorted by largest threshold margin,tmp\sourcewise_error_atlas\run_001\contact_sheets\source_6_false_negative.jpg
6,dirty_positive/dirty_6_28.jpg,false_negative,dirty_positive,clean_negative,0.10685781,0.25,0.14314219,selected high-priority source; sorted by largest threshold margin,tmp\sourcewise_error_atlas\run_001\contact_sheets\source_6_false_negative.jpg
6,dirty_positive/dirty_6_59.jpg,false_negative,dirty_positive,clean_negative,0.13082208,0.25,0.11917792,selected high-priority source; sorted by largest threshold margin,tmp\sourcewise_error_atlas\run_001\contact_sheets\source_6_false_negative.jpg
6,dirty_positive/dirty_6_22.jpg,false_negative,dirty_positive,clean_negative,0.14575980,0.25,0.10424020,selected high-priority source; sorted by largest threshold margin,tmp\sourcewise_error_atlas\run_001\contact_sheets\source_6_false_negative.jpg
6,dirty_positive/dirty_6_52.jpg,false_negative,dirty_positive,clean_negative,0.20846916,0.25,0.04153084,selected high-priority source; sorted by largest threshold margin,tmp\sourcewise_error_atlas\run_001\contact_sheets\source_6_false_negative.jpg
6,dirty_positive/dirty_6_57.jpg,false_negative,dirty_positive,clean_negative,0.24710677,0.25,0.00289323,selected high-priority source; sorted by largest threshold margin,tmp\sourcewise_error_atlas\run_001\contact_sheets\source_6_false_negative.jpg
6,clean_negative/clean_6_18.jpg,false_positive,clean_negative,dirty_positive,0.84857271,0.25,0.59857271,selected high-priority source; sorted by largest threshold margin,tmp\sourcewise_error_atlas\run_001\contact_sheets\source_6_false_positive.jpg
6,clean_negative/clean_6_19.jpg,false_positive,clean_negative,dirty_positive,0.84257083,0.25,0.59257083,selected high-priority source; sorted by largest threshold margin,tmp\sourcewise_error_atlas\run_001\contact_sheets\source_6_false_positive.jpg
6,clean_negative/clean_6_17.jpg,false_positive,clean_negative,dirty_positive,0.81109394,0.25,0.56109394,selected high-priority source; sorted by largest threshold margin,tmp\sourcewise_error_atlas\run_001\contact_sheets\source_6_false_positive.jpg
6,clean_negative/clean_6_204.jpg,false_positive,clean_negative,dirty_positive,0.76053637,0.25,0.51053637,selected high-priority source; sorted by largest threshold margin,tmp\sourcewise_error_atlas\run_001\contact_sheets\source_6_false_positive.jpg
6,clean_negative/clean_6_5.jpg,false_positive,clean_negative,dirty_positive,0.75694775,0.25,0.50694775,selected high-priority source; sorted by largest threshold margin,tmp\sourcewise_error_atlas\run_001\contact_sheets\source_6_false_positive.jpg
6,clean_negative/clean_6_202.jpg,false_positive,clean_negative,dirty_positive,0.75681450,0.25,0.50681450,selected high-priority source; sorted by largest threshold margin,tmp\sourcewise_error_atlas\run_001\contact_sheets\source_6_false_positive.jpg
6,clean_negative/clean_6_103.jpg,false_positive,clean_negative,dirty_positive,0.74699532,0.25,0.49699532,selected high-priority source; sorted by largest threshold margin,tmp\sourcewise_error_atlas\run_001\contact_sheets\source_6_false_positive.jpg
6,clean_negative/clean_6_193.jpg,false_positive,clean_negative,dirty_positive,0.72451730,0.25,0.47451730,selected high-priority source; sorted by largest threshold margin,tmp\sourcewise_error_atlas\run_001\contact_sheets\source_6_false_positive.jpg
6,clean_negative/clean_6_43.jpg,false_positive,clean_negative,dirty_positive,0.72241689,0.25,0.47241689,selected high-priority source; sorted by largest threshold margin,tmp\sourcewise_error_atlas\run_001\contact_sheets\source_6_false_positive.jpg
6,clean_negative/clean_6_30.jpg,false_positive,clean_negative,dirty_positive,0.72074938,0.25,0.47074938,selected high-priority source; sorted by largest threshold margin,tmp\sourcewise_error_atlas\run_001\contact_sheets\source_6_false_positive.jpg
6,clean_negative/clean_6_191.jpg,false_positive,clean_negative,dirty_positive,0.71992276,0.25,0.46992276,selected high-priority source; sorted by largest threshold margin,tmp\sourcewise_error_atlas\run_001\contact_sheets\source_6_false_positive.jpg
6,clean_negative/clean_6_6.jpg,false_positive,clean_negative,dirty_positive,0.71166442,0.25,0.46166442,selected high-priority source; sorted by largest threshold margin,tmp\sourcewise_error_atlas\run_001\contact_sheets\source_6_false_positive.jpg
6,clean_negative/clean_6_16.jpg,false_positive,clean_negative,dirty_positive,0.69975622,0.25,0.44975622,selected high-priority source; sorted by largest threshold margin,tmp\sourcewise_error_atlas\run_001\contact_sheets\source_6_false_positive.jpg
6,clean_negative/clean_6_219.jpg,false_positive,clean_negative,dirty_positive,0.69460540,0.25,0.44460540,selected high-priority source; sorted by largest threshold margin,tmp\sourcewise_error_atlas\run_001\contact_sheets\source_6_false_positive.jpg
6,clean_negative/clean_6_7.jpg,false_positive,clean_negative,dirty_positive,0.67857113,0.25,0.42857113,selected high-priority source; sorted by largest threshold margin,tmp\sourcewise_error_atlas\run_001\contact_sheets\source_6_false_positive.jpg
6,clean_negative/clean_6_151.jpg,false_positive,clean_negative,dirty_positive,0.67071745,0.25,0.42071745,selected high-priority source; sorted by largest threshold margin,tmp\sourcewise_error_atlas\run_001\contact_sheets\source_6_false_positive.jpg
7,dirty_positive/dirty_7_101.jpg,false_negative,dirty_positive,clean_negative,0.08782487,0.65,0.56217513,selected high-priority source; sorted by largest threshold margin,tmp\sourcewise_error_atlas\run_001\contact_sheets\source_7_false_negative.jpg
7,dirty_positive/dirty_7_104.jpg,false_negative,dirty_positive,clean_negative,0.10163564,0.65,0.54836436,selected high-priority source; sorted by largest threshold margin,tmp\sourcewise_error_atlas\run_001\contact_sheets\source_7_false_negative.jpg
7,dirty_positive/dirty_7_103.jpg,false_negative,dirty_positive,clean_negative,0.11653481,0.65,0.53346519,selected high-priority source; sorted by largest threshold margin,tmp\sourcewise_error_atlas\run_001\contact_sheets\source_7_false_negative.jpg
7,dirty_positive/dirty_7_70.jpg,false_negative,dirty_positive,clean_negative,0.26911640,0.65,0.38088360,selected high-priority source; sorted by largest threshold margin,tmp\sourcewise_error_atlas\run_001\contact_sheets\source_7_false_negative.jpg
7,dirty_positive/dirty_7_96.jpg,false_negative,dirty_positive,clean_negative,0.34608802,0.65,0.30391198,selected high-priority source; sorted by largest threshold margin,tmp\sourcewise_error_atlas\run_001\contact_sheets\source_7_false_negative.jpg
7,dirty_positive/dirty_7_94.jpg,false_negative,dirty_positive,clean_negative,0.35591315,0.65,0.29408685,selected high-priority source; sorted by largest threshold margin,tmp\sourcewise_error_atlas\run_001\contact_sheets\source_7_false_negative.jpg
7,dirty_positive/dirty_7_26.jpg,false_negative,dirty_positive,clean_negative,0.37420776,0.65,0.27579224,selected high-priority source; sorted by largest threshold margin,tmp\sourcewise_error_atlas\run_001\contact_sheets\source_7_false_negative.jpg
7,dirty_positive/dirty_7_20.jpg,false_negative,dirty_positive,clean_negative,0.38925021,0.65,0.26074979,selected high-priority source; sorted by largest threshold margin,tmp\sourcewise_error_atlas\run_001\contact_sheets\source_7_false_negative.jpg
7,dirty_positive/dirty_7_55.jpg,false_negative,dirty_positive,clean_negative,0.39912162,0.65,0.25087838,selected high-priority source; sorted by largest threshold margin,tmp\sourcewise_error_atlas\run_001\contact_sheets\source_7_false_negative.jpg
7,dirty_positive/dirty_7_10.jpg,false_negative,dirty_positive,clean_negative,0.40665236,0.65,0.24334764,selected high-priority source; sorted by largest threshold margin,tmp\sourcewise_error_atlas\run_001\contact_sheets\source_7_false_negative.jpg
7,dirty_positive/dirty_7_74.jpg,false_negative,dirty_positive,clean_negative,0.41642120,0.65,0.23357880,selected high-priority source; sorted by largest threshold margin,tmp\sourcewise_error_atlas\run_001\contact_sheets\source_7_false_negative.jpg
7,dirty_positive/dirty_7_12.jpg,false_negative,dirty_positive,clean_negative,0.41843868,0.65,0.23156132,selected high-priority source; sorted by largest threshold margin,tmp\sourcewise_error_atlas\run_001\contact_sheets\source_7_false_negative.jpg
7,dirty_positive/dirty_7_73.jpg,false_negative,dirty_positive,clean_negative,0.42270015,0.65,0.22729985,selected high-priority source; sorted by largest threshold margin,tmp\sourcewise_error_atlas\run_001\contact_sheets\source_7_false_negative.jpg
7,dirty_positive/dirty_7_75.jpg,false_negative,dirty_positive,clean_negative,0.43390787,0.65,0.21609213,selected high-priority source; sorted by largest threshold margin,tmp\sourcewise_error_atlas\run_001\contact_sheets\source_7_false_negative.jpg
7,dirty_positive/dirty_7_102.jpg,false_negative,dirty_positive,clean_negative,0.44792572,0.65,0.20207428,selected high-priority source; sorted by largest threshold margin,tmp\sourcewise_error_atlas\run_001\contact_sheets\source_7_false_negative.jpg
7,dirty_positive/dirty_7_25.jpg,false_negative,dirty_positive,clean_negative,0.47576801,0.65,0.17423199,selected high-priority source; sorted by largest threshold margin,tmp\sourcewise_error_atlas\run_001\contact_sheets\source_7_false_negative.jpg
8,dirty_positive/dirty_8_31.jpg,false_negative,dirty_positive,clean_negative,0.02263845,0.30,0.27736155,selected high-priority source; sorted by largest threshold margin,tmp\sourcewise_error_atlas\run_001\contact_sheets\source_8_false_negative.jpg
8,dirty_positive/dirty_8_30.jpg,false_negative,dirty_positive,clean_negative,0.02703162,0.30,0.27296838,selected high-priority source; sorted by largest threshold margin,tmp\sourcewise_error_atlas\run_001\contact_sheets\source_8_false_negative.jpg
8,dirty_positive/dirty_8_70.jpg,false_negative,dirty_positive,clean_negative,0.03101271,0.30,0.26898729,selected high-priority source; sorted by largest threshold margin,tmp\sourcewise_error_atlas\run_001\contact_sheets\source_8_false_negative.jpg
8,dirty_positive/dirty_8_71.jpg,false_negative,dirty_positive,clean_negative,0.03612540,0.30,0.26387460,selected high-priority source; sorted by largest threshold margin,tmp\sourcewise_error_atlas\run_001\contact_sheets\source_8_false_negative.jpg
8,dirty_positive/dirty_8_42.jpg,false_negative,dirty_positive,clean_negative,0.08040396,0.30,0.21959604,selected high-priority source; sorted by largest threshold margin,tmp\sourcewise_error_atlas\run_001\contact_sheets\source_8_false_negative.jpg
8,dirty_positive/dirty_8_29.jpg,false_negative,dirty_positive,clean_negative,0.08051702,0.30,0.21948298,selected high-priority source; sorted by largest threshold margin,tmp\sourcewise_error_atlas\run_001\contact_sheets\source_8_false_negative.jpg
8,dirty_positive/dirty_8_80.jpg,false_negative,dirty_positive,clean_negative,0.09486939,0.30,0.20513061,selected high-priority source; sorted by largest threshold margin,tmp\sourcewise_error_atlas\run_001\contact_sheets\source_8_false_negative.jpg
8,dirty_positive/dirty_8_48.jpg,false_negative,dirty_positive,clean_negative,0.09697895,0.30,0.20302105,selected high-priority source; sorted by largest threshold margin,tmp\sourcewise_error_atlas\run_001\contact_sheets\source_8_false_negative.jpg
8,dirty_positive/dirty_8_60.jpg,false_negative,dirty_positive,clean_negative,0.10292180,0.30,0.19707820,selected high-priority source; sorted by largest threshold margin,tmp\sourcewise_error_atlas\run_001\contact_sheets\source_8_false_negative.jpg
8,dirty_positive/dirty_8_32.jpg,false_negative,dirty_positive,clean_negative,0.10704761,0.30,0.19295239,selected high-priority source; sorted by largest threshold margin,tmp\sourcewise_error_atlas\run_001\contact_sheets\source_8_false_negative.jpg
8,dirty_positive/dirty_8_57.jpg,false_negative,dirty_positive,clean_negative,0.11317270,0.30,0.18682730,selected high-priority source; sorted by largest threshold margin,tmp\sourcewise_error_atlas\run_001\contact_sheets\source_8_false_negative.jpg
8,dirty_positive/dirty_8_69.jpg,false_negative,dirty_positive,clean_negative,0.11534190,0.30,0.18465810,selected high-priority source; sorted by largest threshold margin,tmp\sourcewise_error_atlas\run_001\contact_sheets\source_8_false_negative.jpg
8,dirty_positive/dirty_8_59.jpg,false_negative,dirty_positive,clean_negative,0.16409564,0.30,0.13590436,selected high-priority source; sorted by largest threshold margin,tmp\sourcewise_error_atlas\run_001\contact_sheets\source_8_false_negative.jpg
8,dirty_positive/dirty_8_16.jpg,false_negative,dirty_positive,clean_negative,0.16707470,0.30,0.13292530,selected high-priority source; sorted by largest threshold margin,tmp\sourcewise_error_atlas\run_001\contact_sheets\source_8_false_negative.jpg
8,dirty_positive/dirty_8_45.jpg,false_negative,dirty_positive,clean_negative,0.16770903,0.30,0.13229097,selected high-priority source; sorted by largest threshold margin,tmp\sourcewise_error_atlas\run_001\contact_sheets\source_8_false_negative.jpg
8,dirty_positive/dirty_8_46.jpg,false_negative,dirty_positive,clean_negative,0.19139020,0.30,0.10860980,selected high-priority source; sorted by largest threshold margin,tmp\sourcewise_error_atlas\run_001\contact_sheets\source_8_false_negative.jpg
8,clean_negative/clean_8_77.jpg,false_positive,clean_negative,dirty_positive,0.99251458,0.30,0.69251458,selected high-priority source; sorted by largest threshold margin,tmp\sourcewise_error_atlas\run_001\contact_sheets\source_8_false_positive.jpg
8,clean_negative/clean_8_60.jpg,false_positive,clean_negative,dirty_positive,0.99244577,0.30,0.69244577,selected high-priority source; sorted by largest threshold margin,tmp\sourcewise_error_atlas\run_001\contact_sheets\source_8_false_positive.jpg
8,clean_negative/clean_8_78.jpg,false_positive,clean_negative,dirty_positive,0.99161363,0.30,0.69161363,selected high-priority source; sorted by largest threshold margin,tmp\sourcewise_error_atlas\run_001\contact_sheets\source_8_false_positive.jpg
8,clean_negative/clean_8_59.jpg,false_positive,clean_negative,dirty_positive,0.98719224,0.30,0.68719224,selected high-priority source; sorted by largest threshold margin,tmp\sourcewise_error_atlas\run_001\contact_sheets\source_8_false_positive.jpg
8,clean_negative/clean_8_58.jpg,false_positive,clean_negative,dirty_positive,0.98717213,0.30,0.68717213,selected high-priority source; sorted by largest threshold margin,tmp\sourcewise_error_atlas\run_001\contact_sheets\source_8_false_positive.jpg
8,clean_negative/clean_8_79.jpg,false_positive,clean_negative,dirty_positive,0.98255972,0.30,0.68255972,selected high-priority source; sorted by largest threshold margin,tmp\sourcewise_error_atlas\run_001\contact_sheets\source_8_false_positive.jpg
8,clean_negative/clean_8_70.jpg,false_positive,clean_negative,dirty_positive,0.97752473,0.30,0.67752473,selected high-priority source; sorted by largest threshold margin,tmp\sourcewise_error_atlas\run_001\contact_sheets\source_8_false_positive.jpg
8,clean_negative/clean_8_50.jpg,false_positive,clean_negative,dirty_positive,0.97602060,0.30,0.67602060,selected high-priority source; sorted by largest threshold margin,tmp\sourcewise_error_atlas\run_001\contact_sheets\source_8_false_positive.jpg
8,clean_negative/clean_8_69.jpg,false_positive,clean_negative,dirty_positive,0.97549533,0.30,0.67549533,selected high-priority source; sorted by largest threshold margin,tmp\sourcewise_error_atlas\run_001\contact_sheets\source_8_false_positive.jpg
8,clean_negative/clean_8_51.jpg,false_positive,clean_negative,dirty_positive,0.95383752,0.30,0.65383752,selected high-priority source; sorted by largest threshold margin,tmp\sourcewise_error_atlas\run_001\contact_sheets\source_8_false_positive.jpg
8,clean_negative/clean_8_42.jpg,false_positive,clean_negative,dirty_positive,0.95300727,0.30,0.65300727,selected high-priority source; sorted by largest threshold margin,tmp\sourcewise_error_atlas\run_001\contact_sheets\source_8_false_positive.jpg
8,clean_negative/clean_8_71.jpg,false_positive,clean_negative,dirty_positive,0.95013076,0.30,0.65013076,selected high-priority source; sorted by largest threshold margin,tmp\sourcewise_error_atlas\run_001\contact_sheets\source_8_false_positive.jpg
8,clean_negative/clean_8_52.jpg,false_positive,clean_negative,dirty_positive,0.94031075,0.30,0.64031075,selected high-priority source; sorted by largest threshold margin,tmp\sourcewise_error_atlas\run_001\contact_sheets\source_8_false_positive.jpg
8,clean_negative/clean_8_43.jpg,false_positive,clean_negative,dirty_positive,0.92493425,0.30,0.62493425,selected high-priority source; sorted by largest threshold margin,tmp\sourcewise_error_atlas\run_001\contact_sheets\source_8_false_positive.jpg
8,clean_negative/clean_8_44.jpg,false_positive,clean_negative,dirty_positive,0.91008557,0.30,0.61008557,selected high-priority source; sorted by largest threshold margin,tmp\sourcewise_error_atlas\run_001\contact_sheets\source_8_false_positive.jpg
8,clean_negative/clean_8_80.jpg,false_positive,clean_negative,dirty_positive,0.90623150,0.30,0.60623150,selected high-priority source; sorted by largest threshold margin,tmp\sourcewise_error_atlas\run_001\contact_sheets\source_8_false_positive.jpg
9,dirty_positive/dirty_9_48.jpg,false_negative,dirty_positive,clean_negative,0.01006277,0.60,0.58993723,selected high-priority source; sorted by largest threshold margin,tmp\sourcewise_error_atlas\run_001\contact_sheets\source_9_false_negative.jpg
9,dirty_positive/dirty_9_47.jpg,false_negative,dirty_positive,clean_negative,0.01800759,0.60,0.58199241,selected high-priority source; sorted by largest threshold margin,tmp\sourcewise_error_atlas\run_001\contact_sheets\source_9_false_negative.jpg
9,dirty_positive/dirty_9_46.jpg,false_negative,dirty_positive,clean_negative,0.02144324,0.60,0.57855676,selected high-priority source; sorted by largest threshold margin,tmp\sourcewise_error_atlas\run_001\contact_sheets\source_9_false_negative.jpg
9,dirty_positive/dirty_9_51.jpg,false_negative,dirty_positive,clean_negative,0.06001546,0.60,0.53998454,selected high-priority source; sorted by largest threshold margin,tmp\sourcewise_error_atlas\run_001\contact_sheets\source_9_false_negative.jpg
9,dirty_positive/dirty_9_3.jpg,false_negative,dirty_positive,clean_negative,0.07430571,0.60,0.52569429,selected high-priority source; sorted by largest threshold margin,tmp\sourcewise_error_atlas\run_001\contact_sheets\source_9_false_negative.jpg
9,dirty_positive/dirty_9_49.jpg,false_negative,dirty_positive,clean_negative,0.07492502,0.60,0.52507498,selected high-priority source; sorted by largest threshold margin,tmp\sourcewise_error_atlas\run_001\contact_sheets\source_9_false_negative.jpg
9,dirty_positive/dirty_9_52.jpg,false_negative,dirty_positive,clean_negative,0.12845035,0.60,0.47154965,selected high-priority source; sorted by largest threshold margin,tmp\sourcewise_error_atlas\run_001\contact_sheets\source_9_false_negative.jpg
9,dirty_positive/dirty_9_37.jpg,false_negative,dirty_positive,clean_negative,0.13378601,0.60,0.46621399,selected high-priority source; sorted by largest threshold margin,tmp\sourcewise_error_atlas\run_001\contact_sheets\source_9_false_negative.jpg
9,dirty_positive/dirty_9_10.jpg,false_negative,dirty_positive,clean_negative,0.13406940,0.60,0.46593060,selected high-priority source; sorted by largest threshold margin,tmp\sourcewise_error_atlas\run_001\contact_sheets\source_9_false_negative.jpg
9,dirty_positive/dirty_9_50.jpg,false_negative,dirty_positive,clean_negative,0.13503476,0.60,0.46496524,selected high-priority source; sorted by largest threshold margin,tmp\sourcewise_error_atlas\run_001\contact_sheets\source_9_false_negative.jpg
9,dirty_positive/dirty_9_30.jpg,false_negative,dirty_positive,clean_negative,0.14070500,0.60,0.45929500,selected high-priority source; sorted by largest threshold margin,tmp\sourcewise_error_atlas\run_001\contact_sheets\source_9_false_negative.jpg
9,dirty_positive/dirty_9_4.jpg,false_negative,dirty_positive,clean_negative,0.14297749,0.60,0.45702251,selected high-priority source; sorted by largest threshold margin,tmp\sourcewise_error_atlas\run_001\contact_sheets\source_9_false_negative.jpg
9,dirty_positive/dirty_9_40.jpg,false_negative,dirty_positive,clean_negative,0.15469863,0.60,0.44530137,selected high-priority source; sorted by largest threshold margin,tmp\sourcewise_error_atlas\run_001\contact_sheets\source_9_false_negative.jpg
9,dirty_positive/dirty_9_11.jpg,false_negative,dirty_positive,clean_negative,0.15667011,0.60,0.44332989,selected high-priority source; sorted by largest threshold margin,tmp\sourcewise_error_atlas\run_001\contact_sheets\source_9_false_negative.jpg
9,dirty_positive/dirty_9_16.jpg,false_negative,dirty_positive,clean_negative,0.18474139,0.60,0.41525861,selected high-priority source; sorted by largest threshold margin,tmp\sourcewise_error_atlas\run_001\contact_sheets\source_9_false_negative.jpg
9,dirty_positive/dirty_9_7.jpg,false_negative,dirty_positive,clean_negative,0.19700066,0.60,0.40299934,selected high-priority source; sorted by largest threshold margin,tmp\sourcewise_error_atlas\run_001\contact_sheets\source_9_false_negative.jpg
9,clean_negative/clean_9_127.jpg,false_positive,clean_negative,dirty_positive,0.67815291,0.60,0.07815291,selected high-priority source; sorted by largest threshold margin,tmp\sourcewise_error_atlas\run_001\contact_sheets\source_9_false_positive.jpg
11,dirty_positive/dirty_11_119.jpg,false_negative,dirty_positive,clean_negative,0.01751597,0.20,0.18248403,selected high-priority source; sorted by largest threshold margin,tmp\sourcewise_error_atlas\run_001\contact_sheets\source_11_false_negative.jpg
11,dirty_positive/dirty_11_120.jpg,false_negative,dirty_positive,clean_negative,0.02972938,0.20,0.17027062,selected high-priority source; sorted by largest threshold margin,tmp\sourcewise_error_atlas\run_001\contact_sheets\source_11_false_negative.jpg
11,dirty_positive/dirty_11_117.jpg,false_negative,dirty_positive,clean_negative,0.04556148,0.20,0.15443852,selected high-priority source; sorted by largest threshold margin,tmp\sourcewise_error_atlas\run_001\contact_sheets\source_11_false_negative.jpg
11,dirty_positive/dirty_11_118.jpg,false_negative,dirty_positive,clean_negative,0.04627748,0.20,0.15372252,selected high-priority source; sorted by largest threshold margin,tmp\sourcewise_error_atlas\run_001\contact_sheets\source_11_false_negative.jpg
11,dirty_positive/dirty_11_124.jpg,false_negative,dirty_positive,clean_negative,0.10232971,0.20,0.09767029,selected high-priority source; sorted by largest threshold margin,tmp\sourcewise_error_atlas\run_001\contact_sheets\source_11_false_negative.jpg
11,clean_negative/clean_11_28.jpg,false_positive,clean_negative,dirty_positive,0.81051607,0.20,0.61051607,selected high-priority source; sorted by largest threshold margin,tmp\sourcewise_error_atlas\run_001\contact_sheets\source_11_false_positive.jpg
11,clean_negative/clean_11_5.jpg,false_positive,clean_negative,dirty_positive,0.78183683,0.20,0.58183683,selected high-priority source; sorted by largest threshold margin,tmp\sourcewise_error_atlas\run_001\contact_sheets\source_11_false_positive.jpg
11,clean_negative/clean_11_6.jpg,false_positive,clean_negative,dirty_positive,0.77722395,0.20,0.57722395,selected high-priority source; sorted by largest threshold margin,tmp\sourcewise_error_atlas\run_001\contact_sheets\source_11_false_positive.jpg
11,clean_negative/clean_11_41.jpg,false_positive,clean_negative,dirty_positive,0.74836093,0.20,0.54836093,selected high-priority source; sorted by largest threshold margin,tmp\sourcewise_error_atlas\run_001\contact_sheets\source_11_false_positive.jpg
11,clean_negative/clean_11_29.jpg,false_positive,clean_negative,dirty_positive,0.73510435,0.20,0.53510435,selected high-priority source; sorted by largest threshold margin,tmp\sourcewise_error_atlas\run_001\contact_sheets\source_11_false_positive.jpg
11,clean_negative/clean_11_35.jpg,false_positive,clean_negative,dirty_positive,0.70415364,0.20,0.50415364,selected high-priority source; sorted by largest threshold margin,tmp\sourcewise_error_atlas\run_001\contact_sheets\source_11_false_positive.jpg
11,clean_negative/clean_11_7.jpg,false_positive,clean_negative,dirty_positive,0.68519693,0.20,0.48519693,selected high-priority source; sorted by largest threshold margin,tmp\sourcewise_error_atlas\run_001\contact_sheets\source_11_false_positive.jpg
11,clean_negative/clean_11_23.jpg,false_positive,clean_negative,dirty_positive,0.67197547,0.20,0.47197547,selected high-priority source; sorted by largest threshold margin,tmp\sourcewise_error_atlas\run_001\contact_sheets\source_11_false_positive.jpg
11,clean_negative/clean_11_4.jpg,false_positive,clean_negative,dirty_positive,0.63679383,0.20,0.43679383,selected high-priority source; sorted by largest threshold margin,tmp\sourcewise_error_atlas\run_001\contact_sheets\source_11_false_positive.jpg
11,clean_negative/clean_11_24.jpg,false_positive,clean_negative,dirty_positive,0.63645228,0.20,0.43645228,selected high-priority source; sorted by largest threshold margin,tmp\sourcewise_error_atlas\run_001\contact_sheets\source_11_false_positive.jpg
11,clean_negative/clean_11_42.jpg,false_positive,clean_negative,dirty_positive,0.62596798,0.20,0.42596798,selected high-priority source; sorted by largest threshold margin,tmp\sourcewise_error_atlas\run_001\contact_sheets\source_11_false_positive.jpg
11,clean_negative/clean_11_36.jpg,false_positive,clean_negative,dirty_positive,0.58703969,0.20,0.38703969,selected high-priority source; sorted by largest threshold margin,tmp\sourcewise_error_atlas\run_001\contact_sheets\source_11_false_positive.jpg
11,clean_negative/clean_11_21.jpg,false_positive,clean_negative,dirty_positive,0.57209116,0.20,0.37209116,selected high-priority source; sorted by largest threshold margin,tmp\sourcewise_error_atlas\run_001\contact_sheets\source_11_false_positive.jpg
11,clean_negative/clean_11_30.jpg,false_positive,clean_negative,dirty_positive,0.56050673,0.20,0.36050673,selected high-priority source; sorted by largest threshold margin,tmp\sourcewise_error_atlas\run_001\contact_sheets\source_11_false_positive.jpg
11,clean_negative/clean_11_22.jpg,false_positive,clean_negative,dirty_positive,0.55531064,0.20,0.35531064,selected high-priority source; sorted by largest threshold margin,tmp\sourcewise_error_atlas\run_001\contact_sheets\source_11_false_positive.jpg
11,clean_negative/clean_11_15.jpg,false_positive,clean_negative,dirty_positive,0.54397402,0.20,0.34397402,selected high-priority source; sorted by largest threshold margin,tmp\sourcewise_error_atlas\run_001\contact_sheets\source_11_false_positive.jpg
14,dirty_positive/dirty_14_59.jpg,false_negative,dirty_positive,clean_negative,0.00002898,0.85,0.84997102,selected high-priority source; sorted by largest threshold margin,tmp\sourcewise_error_atlas\run_001\contact_sheets\source_14_false_negative.jpg
14,dirty_positive/dirty_14_60.jpg,false_negative,dirty_positive,clean_negative,0.00384589,0.85,0.84615411,selected high-priority source; sorted by largest threshold margin,tmp\sourcewise_error_atlas\run_001\contact_sheets\source_14_false_negative.jpg
14,dirty_positive/dirty_14_58.jpg,false_negative,dirty_positive,clean_negative,0.01657975,0.85,0.83342025,selected high-priority source; sorted by largest threshold margin,tmp\sourcewise_error_atlas\run_001\contact_sheets\source_14_false_negative.jpg
14,dirty_positive/dirty_14_44.jpg,false_negative,dirty_positive,clean_negative,0.06002685,0.85,0.78997315,selected high-priority source; sorted by largest threshold margin,tmp\sourcewise_error_atlas\run_001\contact_sheets\source_14_false_negative.jpg
14,dirty_positive/dirty_14_57.jpg,false_negative,dirty_positive,clean_negative,0.06436477,0.85,0.78563523,selected high-priority source; sorted by largest threshold margin,tmp\sourcewise_error_atlas\run_001\contact_sheets\source_14_false_negative.jpg
14,dirty_positive/dirty_14_43.jpg,false_negative,dirty_positive,clean_negative,0.15080435,0.85,0.69919565,selected high-priority source; sorted by largest threshold margin,tmp\sourcewise_error_atlas\run_001\contact_sheets\source_14_false_negative.jpg
14,dirty_positive/dirty_14_42.jpg,false_negative,dirty_positive,clean_negative,0.15509401,0.85,0.69490599,selected high-priority source; sorted by largest threshold margin,tmp\sourcewise_error_atlas\run_001\contact_sheets\source_14_false_negative.jpg
14,dirty_positive/dirty_14_41.jpg,false_negative,dirty_positive,clean_negative,0.30040279,0.85,0.54959721,selected high-priority source; sorted by largest threshold margin,tmp\sourcewise_error_atlas\run_001\contact_sheets\source_14_false_negative.jpg
14,dirty_positive/dirty_14_4.jpg,false_negative,dirty_positive,clean_negative,0.41112379,0.85,0.43887621,selected high-priority source; sorted by largest threshold margin,tmp\sourcewise_error_atlas\run_001\contact_sheets\source_14_false_negative.jpg
14,dirty_positive/dirty_14_2.jpg,false_negative,dirty_positive,clean_negative,0.44953440,0.85,0.40046560,selected high-priority source; sorted by largest threshold margin,tmp\sourcewise_error_atlas\run_001\contact_sheets\source_14_false_negative.jpg
14,dirty_positive/dirty_14_34.jpg,false_negative,dirty_positive,clean_negative,0.47000451,0.85,0.37999549,selected high-priority source; sorted by largest threshold margin,tmp\sourcewise_error_atlas\run_001\contact_sheets\source_14_false_negative.jpg
14,dirty_positive/dirty_14_16.jpg,false_negative,dirty_positive,clean_negative,0.55488213,0.85,0.29511787,selected high-priority source; sorted by largest threshold margin,tmp\sourcewise_error_atlas\run_001\contact_sheets\source_14_false_negative.jpg
14,dirty_positive/dirty_14_5.jpg,false_negative,dirty_positive,clean_negative,0.56179757,0.85,0.28820243,selected high-priority source; sorted by largest threshold margin,tmp\sourcewise_error_atlas\run_001\contact_sheets\source_14_false_negative.jpg
14,dirty_positive/dirty_14_13.jpg,false_negative,dirty_positive,clean_negative,0.56846303,0.85,0.28153697,selected high-priority source; sorted by largest threshold margin,tmp\sourcewise_error_atlas\run_001\contact_sheets\source_14_false_negative.jpg
14,dirty_positive/dirty_14_51.jpg,false_negative,dirty_positive,clean_negative,0.57703316,0.85,0.27296684,selected high-priority source; sorted by largest threshold margin,tmp\sourcewise_error_atlas\run_001\contact_sheets\source_14_false_negative.jpg
14,dirty_positive/dirty_14_55.jpg,false_negative,dirty_positive,clean_negative,0.58491004,0.85,0.26508996,selected high-priority source; sorted by largest threshold margin,tmp\sourcewise_error_atlas\run_001\contact_sheets\source_14_false_negative.jpg
14,clean_negative/clean_14_101.jpg,false_positive,clean_negative,dirty_positive,0.90344836,0.85,0.05344836,selected high-priority source; sorted by largest threshold margin,tmp\sourcewise_error_atlas\run_001\contact_sheets\source_14_false_positive.jpg
15,dirty_positive/dirty_15_40.jpg,false_negative,dirty_positive,clean_negative,0.09081645,0.15,0.05918355,selected high-priority source; sorted by largest threshold margin,tmp\sourcewise_error_atlas\run_001\contact_sheets\source_15_false_negative.jpg
15,dirty_positive/dirty_15_1.jpg,false_negative,dirty_positive,clean_negative,0.14597777,0.15,0.00402223,selected high-priority source; sorted by largest threshold margin,tmp\sourcewise_error_atlas\run_001\contact_sheets\source_15_false_negative.jpg
15,clean_negative/clean_15_36.jpg,false_positive,clean_negative,dirty_positive,0.98903543,0.15,0.83903543,selected high-priority source; sorted by largest threshold margin,tmp\sourcewise_error_atlas\run_001\contact_sheets\source_15_false_positive.jpg
15,clean_negative/clean_15_24.jpg,false_positive,clean_negative,dirty_positive,0.98260345,0.15,0.83260345,selected high-priority source; sorted by largest threshold margin,tmp\sourcewise_error_atlas\run_001\contact_sheets\source_15_false_positive.jpg
15,clean_negative/clean_15_29.jpg,false_positive,clean_negative,dirty_positive,0.98129031,0.15,0.83129031,selected high-priority source; sorted by largest threshold margin,tmp\sourcewise_error_atlas\run_001\contact_sheets\source_15_false_positive.jpg
15,clean_negative/clean_15_56.jpg,false_positive,clean_negative,dirty_positive,0.96601347,0.15,0.81601347,selected high-priority source; sorted by largest threshold margin,tmp\sourcewise_error_atlas\run_001\contact_sheets\source_15_false_positive.jpg
15,clean_negative/clean_15_70.jpg,false_positive,clean_negative,dirty_positive,0.94156382,0.15,0.79156382,selected high-priority source; sorted by largest threshold margin,tmp\sourcewise_error_atlas\run_001\contact_sheets\source_15_false_positive.jpg
15,clean_negative/clean_15_55.jpg,false_positive,clean_negative,dirty_positive,0.93537613,0.15,0.78537613,selected high-priority source; sorted by largest threshold margin,tmp\sourcewise_error_atlas\run_001\contact_sheets\source_15_false_positive.jpg
15,clean_negative/clean_15_54.jpg,false_positive,clean_negative,dirty_positive,0.93268030,0.15,0.78268030,selected high-priority source; sorted by largest threshold margin,tmp\sourcewise_error_atlas\run_001\contact_sheets\source_15_false_positive.jpg
15,clean_negative/clean_15_89.jpg,false_positive,clean_negative,dirty_positive,0.92236856,0.15,0.77236856,selected high-priority source; sorted by largest threshold margin,tmp\sourcewise_error_atlas\run_001\contact_sheets\source_15_false_positive.jpg
15,clean_negative/clean_15_22.jpg,false_positive,clean_negative,dirty_positive,0.91172795,0.15,0.76172795,selected high-priority source; sorted by largest threshold margin,tmp\sourcewise_error_atlas\run_001\contact_sheets\source_15_false_positive.jpg
15,clean_negative/clean_15_43.jpg,false_positive,clean_negative,dirty_positive,0.90695154,0.15,0.75695154,selected high-priority source; sorted by largest threshold margin,tmp\sourcewise_error_atlas\run_001\contact_sheets\source_15_false_positive.jpg
15,clean_negative/clean_15_69.jpg,false_positive,clean_negative,dirty_positive,0.88465907,0.15,0.73465907,selected high-priority source; sorted by largest threshold margin,tmp\sourcewise_error_atlas\run_001\contact_sheets\source_15_false_positive.jpg
15,clean_negative/clean_15_53.jpg,false_positive,clean_negative,dirty_positive,0.87736277,0.15,0.72736277,selected high-priority source; sorted by largest threshold margin,tmp\sourcewise_error_atlas\run_001\contact_sheets\source_15_false_positive.jpg
15,clean_negative/clean_15_68.jpg,false_positive,clean_negative,dirty_positive,0.87145083,0.15,0.72145083,selected high-priority source; sorted by largest threshold margin,tmp\sourcewise_error_atlas\run_001\contact_sheets\source_15_false_positive.jpg
15,clean_negative/clean_15_57.jpg,false_positive,clean_negative,dirty_positive,0.85881003,0.15,0.70881003,selected high-priority source; sorted by largest threshold margin,tmp\sourcewise_error_atlas\run_001\contact_sheets\source_15_false_positive.jpg
15,clean_negative/clean_15_23.jpg,false_positive,clean_negative,dirty_positive,0.85145440,0.15,0.70145440,selected high-priority source; sorted by largest threshold margin,tmp\sourcewise_error_atlas\run_001\contact_sheets\source_15_false_positive.jpg
15,clean_negative/clean_15_88.jpg,false_positive,clean_negative,dirty_positive,0.84925303,0.15,0.69925303,selected high-priority source; sorted by largest threshold margin,tmp\sourcewise_error_atlas\run_001\contact_sheets\source_15_false_positive.jpg
