image_id,source_image,marked_image,spot_id,x_center,y_center,radius,component_area,enclosing_circle_radius,quality_score,pass_fail_status,manually_verified_alignment,alignment_note,marker_source,label_confidence,review_status,notes
1,1.jpg,1m.jpg,1_spot_001,706.844,158.7034,16.0,327,14.5389,80,PASS,true,non-identical frame; visually verified marker-to-defect correspondence,blue_marker,preliminary_verified,pending_preview_confirmation,no automatic merge; no warp; no coordinate correction
1,1.jpg,1m.jpg,1_spot_002,304.9535,209.1495,31.518,709,31.518,80,PASS,true,non-identical frame; visually verified marker-to-defect correspondence,blue_marker,preliminary_verified,pending_preview_confirmation,no automatic merge; no warp; no coordinate correction
1,1.jpg,1m.jpg,1_spot_003,768.5246,216.8845,34.558,814,34.558,80,PASS,true,non-identical frame; visually verified marker-to-defect correspondence,blue_marker,preliminary_verified,pending_preview_confirmation,no automatic merge; no warp; no coordinate correction
1,1.jpg,1m.jpg,1_spot_004,685.8416,385.6637,21.1275,562,21.1275,80,PASS,true,non-identical frame; visually verified marker-to-defect correspondence,blue_marker,preliminary_verified,pending_preview_confirmation,no automatic merge; no warp; no coordinate correction
1,1.jpg,1m.jpg,1_spot_005,159.0787,419.5569,16.0,343,15.4072,80,PASS,true,non-identical frame; visually verified marker-to-defect correspondence,blue_marker,preliminary_verified,pending_preview_confirmation,no automatic merge; no warp; no coordinate correction
1,1.jpg,1m.jpg,1_spot_006,774.0578,467.3857,32.348,796,32.348,80,PASS,true,non-identical frame; visually verified marker-to-defect correspondence,blue_marker,preliminary_verified,pending_preview_confirmation,no automatic merge; no warp; no coordinate correction
1,1.jpg,1m.jpg,1_spot_007,202.2246,476.7983,30.812,699,30.812,80,PASS,true,non-identical frame; visually verified marker-to-defect correspondence,blue_marker,preliminary_verified,pending_preview_confirmation,no automatic merge; no warp; no coordinate correction
1,1.jpg,1m.jpg,1_spot_008,820.167,528.2453,24.9099,587,24.9099,80,PASS,true,non-identical frame; visually verified marker-to-defect correspondence,blue_marker,preliminary_verified,pending_preview_confirmation,no automatic merge; no warp; no coordinate correction
1,1.jpg,1m.jpg,1_spot_009,168.5717,577.3415,23.088,530,23.088,80,PASS,true,non-identical frame; visually verified marker-to-defect correspondence,blue_marker,preliminary_verified,pending_preview_confirmation,no automatic merge; no warp; no coordinate correction
1,1.jpg,1m.jpg,1_spot_010,587.3617,666.6928,49.6237,1211,49.6237,80,PASS,true,non-identical frame; visually verified marker-to-defect correspondence,blue_marker,preliminary_verified,pending_preview_confirmation,no automatic merge; no warp; no coordinate correction
1,1.jpg,1m.jpg,1_spot_011,196.7041,661.5095,27.4114,632,27.4114,80,PASS,true,non-identical frame; visually verified marker-to-defect correspondence,blue_marker,preliminary_verified,pending_preview_confirmation,no automatic merge; no warp; no coordinate correction
1,1.jpg,1m.jpg,1_spot_012,833.195,718.1686,25.2466,605,25.2466,80,PASS,true,non-identical frame; visually verified marker-to-defect correspondence,blue_marker,preliminary_verified,pending_preview_confirmation,no automatic merge; no warp; no coordinate correction
1,1.jpg,1m.jpg,1_spot_013,388.0248,952.0295,31.7806,847,31.7806,80,PASS,true,non-identical frame; visually verified marker-to-defect correspondence,blue_marker,preliminary_verified,pending_preview_confirmation,no automatic merge; no warp; no coordinate correction
1,1.jpg,1m.jpg,1_spot_014,361.265,1003.641,22.229,585,22.229,80,PASS,true,non-identical frame; visually verified marker-to-defect correspondence,blue_marker,preliminary_verified,pending_preview_confirmation,no automatic merge; no warp; no coordinate correction
1,1.jpg,1m.jpg,1_spot_015,110.7949,1016.9316,26.0991,746,26.0991,80,PASS,true,non-identical frame; visually verified marker-to-defect correspondence,blue_marker,preliminary_verified,pending_preview_confirmation,no automatic merge; no warp; no coordinate correction
1,1.jpg,1m.jpg,1_spot_016,968.445,1086.3263,30.9557,809,30.9557,80,PASS,true,non-identical frame; visually verified marker-to-defect correspondence,blue_marker,preliminary_verified,pending_preview_confirmation,no automatic merge; no warp; no coordinate correction
1,1.jpg,1m.jpg,1_spot_017,120.0791,1112.4516,30.6106,733,30.6106,80,PASS,true,non-identical frame; visually verified marker-to-defect correspondence,blue_marker,preliminary_verified,pending_preview_confirmation,no automatic merge; no warp; no coordinate correction
1,1.jpg,1m.jpg,1_spot_018,529.9623,1137.1119,34.7708,822,34.7708,80,PASS,true,non-identical frame; visually verified marker-to-defect correspondence,blue_marker,preliminary_verified,pending_preview_confirmation,no automatic merge; no warp; no coordinate correction
1,1.jpg,1m.jpg,1_spot_019,189.2399,1150.0257,34.3002,817,34.3002,80,PASS,true,non-identical frame; visually verified marker-to-defect correspondence,blue_marker,preliminary_verified,pending_preview_confirmation,no automatic merge; no warp; no coordinate correction
1,1.jpg,1m.jpg,1_spot_020,316.6099,1166.2399,23.2864,546,23.2864,80,PASS,true,non-identical frame; visually verified marker-to-defect correspondence,blue_marker,preliminary_verified,pending_preview_confirmation,no automatic merge; no warp; no coordinate correction
1,1.jpg,1m.jpg,1_spot_021,96.6929,1176.4743,28.0402,700,28.0402,80,PASS,true,non-identical frame; visually verified marker-to-defect correspondence,blue_marker,preliminary_verified,pending_preview_confirmation,no automatic merge; no warp; no coordinate correction
1,1.jpg,1m.jpg,1_spot_022,293.8382,1222.2072,37.6432,1057,37.6432,80,PASS,true,non-identical frame; visually verified marker-to-defect correspondence,blue_marker,preliminary_verified,pending_preview_confirmation,no automatic merge; no warp; no coordinate correction
1,1.jpg,1m.jpg,1_spot_023,391.9656,1218.8197,25.8724,610,25.8724,80,PASS,true,non-identical frame; visually verified marker-to-defect correspondence,blue_marker,preliminary_verified,pending_preview_confirmation,no automatic merge; no warp; no coordinate correction
1,1.jpg,1m.jpg,1_spot_024,810.0536,1249.6525,19.9677,541,19.9677,80,PASS,true,non-identical frame; visually verified marker-to-defect correspondence,blue_marker,preliminary_verified,pending_preview_confirmation,no automatic merge; no warp; no coordinate correction
1,1.jpg,1m.jpg,1_spot_025,144.801,1272.4466,33.361,824,33.361,80,PASS,true,non-identical frame; visually verified marker-to-defect correspondence,blue_marker,preliminary_verified,pending_preview_confirmation,no automatic merge; no warp; no coordinate correction
1,1.jpg,1m.jpg,1_spot_026,479.9358,1392.0663,50.0,1432,53.4159,80,PASS,true,non-identical frame; visually verified marker-to-defect correspondence,blue_marker,preliminary_verified,pending_preview_confirmation,no automatic merge; no warp; no coordinate correction
2,2.jpg,2m.jpg,2_spot_001,357.3391,276.6589,38.0593,988,38.0593,70,FAIL,true,non-identical frame; visually verified marker-to-defect correspondence,blue_marker,preliminary_verified,pending_preview_confirmation,no automatic merge; no warp; no coordinate correction
2,2.jpg,2m.jpg,2_spot_002,1025.7128,272.7787,24.4429,592,24.4429,70,FAIL,true,non-identical frame; visually verified marker-to-defect correspondence,blue_marker,preliminary_verified,pending_preview_confirmation,no automatic merge; no warp; no coordinate correction
2,2.jpg,2m.jpg,2_spot_003,659.6264,285.2903,27.1184,720,27.1184,70,FAIL,true,non-identical frame; visually verified marker-to-defect correspondence,blue_marker,preliminary_verified,pending_preview_confirmation,no automatic merge; no warp; no coordinate correction
2,2.jpg,2m.jpg,2_spot_004,504.5433,302.4759,32.0703,727,32.0703,70,FAIL,true,non-identical frame; visually verified marker-to-defect correspondence,blue_marker,preliminary_verified,pending_preview_confirmation,no automatic merge; no warp; no coordinate correction
2,2.jpg,2m.jpg,2_spot_005,560.0361,337.0228,22.8058,527,22.8058,70,FAIL,true,non-identical frame; visually verified marker-to-defect correspondence,blue_marker,preliminary_verified,pending_preview_confirmation,no automatic merge; no warp; no coordinate correction
2,2.jpg,2m.jpg,2_spot_006,885.6236,337.8182,25.9857,550,25.9857,70,FAIL,true,non-identical frame; visually verified marker-to-defect correspondence,blue_marker,preliminary_verified,pending_preview_confirmation,no automatic merge; no warp; no coordinate correction
2,2.jpg,2m.jpg,2_spot_007,632.8337,351.2266,30.2267,812,30.2267,70,FAIL,true,non-identical frame; visually verified marker-to-defect correspondence,blue_marker,preliminary_verified,pending_preview_confirmation,no automatic merge; no warp; no coordinate correction
2,2.jpg,2m.jpg,2_spot_008,507.5813,365.9533,29.6017,664,29.6017,70,FAIL,true,non-identical frame; visually verified marker-to-defect correspondence,blue_marker,preliminary_verified,pending_preview_confirmation,no automatic merge; no warp; no coordinate correction
2,2.jpg,2m.jpg,2_spot_009,564.1149,450.3409,20.3411,531,20.3411,70,FAIL,true,non-identical frame; visually verified marker-to-defect correspondence,blue_marker,preliminary_verified,pending_preview_confirmation,no automatic merge; no warp; no coordinate correction
2,2.jpg,2m.jpg,2_spot_010,161.1794,457.9058,19.9864,446,19.9864,70,FAIL,true,non-identical frame; visually verified marker-to-defect correspondence,blue_marker,preliminary_verified,pending_preview_confirmation,no automatic merge; no warp; no coordinate correction
2,2.jpg,2m.jpg,2_spot_011,903.5939,478.032,29.5192,687,29.5192,70,FAIL,true,non-identical frame; visually verified marker-to-defect correspondence,blue_marker,preliminary_verified,pending_preview_confirmation,no automatic merge; no warp; no coordinate correction
2,2.jpg,2m.jpg,2_spot_012,1007.8271,542.9944,23.2031,532,23.2031,70,FAIL,true,non-identical frame; visually verified marker-to-defect correspondence,blue_marker,preliminary_verified,pending_preview_confirmation,no automatic merge; no warp; no coordinate correction
2,2.jpg,2m.jpg,2_spot_013,952.0218,563.7495,21.3078,551,21.3078,70,FAIL,true,non-identical frame; visually verified marker-to-defect correspondence,blue_marker,preliminary_verified,pending_preview_confirmation,no automatic merge; no warp; no coordinate correction
2,2.jpg,2m.jpg,2_spot_014,117.5415,569.251,21.0999,482,21.0999,70,FAIL,true,non-identical frame; visually verified marker-to-defect correspondence,blue_marker,preliminary_verified,pending_preview_confirmation,no automatic merge; no warp; no coordinate correction
2,2.jpg,2m.jpg,2_spot_015,374.1,565.6412,16.7147,340,16.7147,70,FAIL,true,non-identical frame; visually verified marker-to-defect correspondence,blue_marker,preliminary_verified,pending_preview_confirmation,no automatic merge; no warp; no coordinate correction
2,2.jpg,2m.jpg,2_spot_016,566.2572,593.1538,18.6295,416,18.6295,70,FAIL,true,non-identical frame; visually verified marker-to-defect correspondence,blue_marker,preliminary_verified,pending_preview_confirmation,no automatic merge; no warp; no coordinate correction
2,2.jpg,2m.jpg,2_spot_017,463.0025,605.0494,18.5541,405,18.5541,70,FAIL,true,non-identical frame; visually verified marker-to-defect correspondence,blue_marker,preliminary_verified,pending_preview_confirmation,no automatic merge; no warp; no coordinate correction
2,2.jpg,2m.jpg,2_spot_018,527.3114,624.3969,20.5184,456,20.5184,70,FAIL,true,non-identical frame; visually verified marker-to-defect correspondence,blue_marker,preliminary_verified,pending_preview_confirmation,no automatic merge; no warp; no coordinate correction
2,2.jpg,2m.jpg,2_spot_019,431.5113,638.4538,22.9172,487,22.9172,70,FAIL,true,non-identical frame; visually verified marker-to-defect correspondence,blue_marker,preliminary_verified,pending_preview_confirmation,no automatic merge; no warp; no coordinate correction
2,2.jpg,2m.jpg,2_spot_020,324.4526,659.4347,26.1822,559,26.1822,70,FAIL,true,non-identical frame; visually verified marker-to-defect correspondence,blue_marker,preliminary_verified,pending_preview_confirmation,no automatic merge; no warp; no coordinate correction
2,2.jpg,2m.jpg,2_spot_021,589.2,677.8177,49.8279,1635,49.8279,70,FAIL,true,non-identical frame; visually verified marker-to-defect correspondence,blue_marker,preliminary_verified,pending_preview_confirmation,no automatic merge; no warp; no coordinate correction
2,2.jpg,2m.jpg,2_spot_022,180.4,686.8815,21.1261,540,21.1261,70,FAIL,true,non-identical frame; visually verified marker-to-defect correspondence,blue_marker,preliminary_verified,pending_preview_confirmation,no automatic merge; no warp; no coordinate correction
2,2.jpg,2m.jpg,2_spot_023,473.5781,681.5781,16.0,320,14.7802,70,FAIL,true,non-identical frame; visually verified marker-to-defect correspondence,blue_marker,preliminary_verified,pending_preview_confirmation,no automatic merge; no warp; no coordinate correction
2,2.jpg,2m.jpg,2_spot_024,631.6139,705.6655,24.0261,562,24.0261,70,FAIL,true,non-identical frame; visually verified marker-to-defect correspondence,blue_marker,preliminary_verified,pending_preview_confirmation,no automatic merge; no warp; no coordinate correction
2,2.jpg,2m.jpg,2_spot_025,520.0984,743.9009,50.0,1413,53.7821,70,FAIL,true,non-identical frame; visually verified marker-to-defect correspondence,blue_marker,preliminary_verified,pending_preview_confirmation,no automatic merge; no warp; no coordinate correction
2,2.jpg,2m.jpg,2_spot_026,803.0536,823.5571,25.8531,578,25.8531,70,FAIL,true,non-identical frame; visually verified marker-to-defect correspondence,blue_marker,preliminary_verified,pending_preview_confirmation,no automatic merge; no warp; no coordinate correction
2,2.jpg,2m.jpg,2_spot_027,285.0771,868.669,25.1646,571,25.1646,70,FAIL,true,non-identical frame; visually verified marker-to-defect correspondence,blue_marker,preliminary_verified,pending_preview_confirmation,no automatic merge; no warp; no coordinate correction
2,2.jpg,2m.jpg,2_spot_028,900.9787,884.814,29.2063,656,29.2063,70,FAIL,true,non-identical frame; visually verified marker-to-defect correspondence,blue_marker,preliminary_verified,pending_preview_confirmation,no automatic merge; no warp; no coordinate correction
2,2.jpg,2m.jpg,2_spot_029,392.6477,880.8659,20.2331,440,20.2331,70,FAIL,true,non-identical frame; visually verified marker-to-defect correspondence,blue_marker,preliminary_verified,pending_preview_confirmation,no automatic merge; no warp; no coordinate correction
2,2.jpg,2m.jpg,2_spot_030,771.3475,897.6695,29.4152,708,29.4152,70,FAIL,true,non-identical frame; visually verified marker-to-defect correspondence,blue_marker,preliminary_verified,pending_preview_confirmation,no automatic merge; no warp; no coordinate correction
2,2.jpg,2m.jpg,2_spot_031,1000.2615,913.2535,22.4139,501,22.4139,70,FAIL,true,non-identical frame; visually verified marker-to-defect correspondence,blue_marker,preliminary_verified,pending_preview_confirmation,no automatic merge; no warp; no coordinate correction
2,2.jpg,2m.jpg,2_spot_032,458.8436,932.5762,19.3253,505,19.3253,70,FAIL,true,non-identical frame; visually verified marker-to-defect correspondence,blue_marker,preliminary_verified,pending_preview_confirmation,no automatic merge; no warp; no coordinate correction
2,2.jpg,2m.jpg,2_spot_033,298.9323,977.323,24.6542,709,24.6542,70,FAIL,true,non-identical frame; visually verified marker-to-defect correspondence,blue_marker,preliminary_verified,pending_preview_confirmation,no automatic merge; no warp; no coordinate correction
2,2.jpg,2m.jpg,2_spot_034,350.5279,975.7401,17.4429,377,17.4429,70,FAIL,true,non-identical frame; visually verified marker-to-defect correspondence,blue_marker,preliminary_verified,pending_preview_confirmation,no automatic merge; no warp; no coordinate correction
2,2.jpg,2m.jpg,2_spot_035,980.365,987.5434,26.3487,611,26.3487,70,FAIL,true,non-identical frame; visually verified marker-to-defect correspondence,blue_marker,preliminary_verified,pending_preview_confirmation,no automatic merge; no warp; no coordinate correction
2,2.jpg,2m.jpg,2_spot_036,685.5724,988.1187,28.302,615,28.302,70,FAIL,true,non-identical frame; visually verified marker-to-defect correspondence,blue_marker,preliminary_verified,pending_preview_confirmation,no automatic merge; no warp; no coordinate correction
2,2.jpg,2m.jpg,2_spot_037,489.6646,1002.7511,17.959,474,17.959,70,FAIL,true,non-identical frame; visually verified marker-to-defect correspondence,blue_marker,preliminary_verified,pending_preview_confirmation,no automatic merge; no warp; no coordinate correction
2,2.jpg,2m.jpg,2_spot_038,288.4438,1019.6646,21.0298,480,21.0298,70,FAIL,true,non-identical frame; visually verified marker-to-defect correspondence,blue_marker,preliminary_verified,pending_preview_confirmation,no automatic merge; no warp; no coordinate correction
2,2.jpg,2m.jpg,2_spot_039,433.0133,1043.062,25.8274,677,25.8274,70,FAIL,true,non-identical frame; visually verified marker-to-defect correspondence,blue_marker,preliminary_verified,pending_preview_confirmation,no automatic merge; no warp; no coordinate correction
2,2.jpg,2m.jpg,2_spot_040,824.8473,1081.6557,30.5288,668,30.5288,70,FAIL,true,non-identical frame; visually verified marker-to-defect correspondence,blue_marker,preliminary_verified,pending_preview_confirmation,no automatic merge; no warp; no coordinate correction
2,2.jpg,2m.jpg,2_spot_041,601.6405,1230.5119,42.1934,1174,42.1934,70,FAIL,true,non-identical frame; visually verified marker-to-defect correspondence,blue_marker,preliminary_verified,pending_preview_confirmation,no automatic merge; no warp; no coordinate correction
3,3.jpg,3m.jpg,3_spot_001,570.5854,125.8714,27.4114,591,27.4114,70,FAIL,true,visually verified marker-to-defect correspondence,blue_marker,preliminary_verified,pending_preview_confirmation,no automatic merge; no warp; no coordinate correction
3,3.jpg,3m.jpg,3_spot_002,434.6344,145.5048,22.6496,517,22.6496,70,FAIL,true,visually verified marker-to-defect correspondence,blue_marker,preliminary_verified,pending_preview_confirmation,no automatic merge; no warp; no coordinate correction
3,3.jpg,3m.jpg,3_spot_003,537.771,233.2938,32.3304,725,32.3304,70,FAIL,true,visually verified marker-to-defect correspondence,blue_marker,preliminary_verified,pending_preview_confirmation,no automatic merge; no warp; no coordinate correction
3,3.jpg,3m.jpg,3_spot_004,142.9608,279.033,29.4513,637,29.4513,70,FAIL,true,visually verified marker-to-defect correspondence,blue_marker,preliminary_verified,pending_preview_confirmation,no automatic merge; no warp; no coordinate correction
3,3.jpg,3m.jpg,3_spot_005,541.8559,296.6964,26.1634,583,26.1634,70,FAIL,true,visually verified marker-to-defect correspondence,blue_marker,preliminary_verified,pending_preview_confirmation,no automatic merge; no warp; no coordinate correction
3,3.jpg,3m.jpg,3_spot_006,335.9331,318.644,36.1256,1031,36.1256,70,FAIL,true,visually verified marker-to-defect correspondence,blue_marker,preliminary_verified,pending_preview_confirmation,no automatic merge; no warp; no coordinate correction
3,3.jpg,3m.jpg,3_spot_007,568.1683,336.0877,33.2943,707,33.2943,70,FAIL,true,visually verified marker-to-defect correspondence,blue_marker,preliminary_verified,pending_preview_confirmation,no automatic merge; no warp; no coordinate correction
3,3.jpg,3m.jpg,3_spot_008,405.3987,348.4535,27.3543,602,27.3543,70,FAIL,true,visually verified marker-to-defect correspondence,blue_marker,preliminary_verified,pending_preview_confirmation,no automatic merge; no warp; no coordinate correction
3,3.jpg,3m.jpg,3_spot_009,830.1756,383.6553,50.0,1407,57.7171,70,FAIL,true,visually verified marker-to-defect correspondence,blue_marker,preliminary_verified,pending_preview_confirmation,no automatic merge; no warp; no coordinate correction
3,3.jpg,3m.jpg,3_spot_010,290.0368,351.0675,21.401,489,21.401,70,FAIL,true,visually verified marker-to-defect correspondence,blue_marker,preliminary_verified,pending_preview_confirmation,no automatic merge; no warp; no coordinate correction
3,3.jpg,3m.jpg,3_spot_011,770.2137,407.4427,31.2492,716,31.2492,70,FAIL,true,visually verified marker-to-defect correspondence,blue_marker,preliminary_verified,pending_preview_confirmation,no automatic merge; no warp; no coordinate correction
3,3.jpg,3m.jpg,3_spot_012,566.2632,401.5673,23.7146,513,23.7146,70,FAIL,true,visually verified marker-to-defect correspondence,blue_marker,preliminary_verified,pending_preview_confirmation,no automatic merge; no warp; no coordinate correction
3,3.jpg,3m.jpg,3_spot_013,591.8757,452.9963,48.4367,1344,48.4367,70,FAIL,true,visually verified marker-to-defect correspondence,blue_marker,preliminary_verified,pending_preview_confirmation,no automatic merge; no warp; no coordinate correction
3,3.jpg,3m.jpg,3_spot_014,324.1298,446.1258,21.4815,493,21.4815,70,FAIL,true,visually verified marker-to-defect correspondence,blue_marker,preliminary_verified,pending_preview_confirmation,no automatic merge; no warp; no coordinate correction
3,3.jpg,3m.jpg,3_spot_015,254.3984,498.7969,17.25,384,17.25,70,FAIL,true,visually verified marker-to-defect correspondence,blue_marker,preliminary_verified,pending_preview_confirmation,no automatic merge; no warp; no coordinate correction
3,3.jpg,3m.jpg,3_spot_016,299.5792,543.7054,23.4416,499,23.4416,70,FAIL,true,visually verified marker-to-defect correspondence,blue_marker,preliminary_verified,pending_preview_confirmation,no automatic merge; no warp; no coordinate correction
3,3.jpg,3m.jpg,3_spot_017,259.3325,544.3943,19.2095,421,19.2095,70,FAIL,true,visually verified marker-to-defect correspondence,blue_marker,preliminary_verified,pending_preview_confirmation,no automatic merge; no warp; no coordinate correction
3,3.jpg,3m.jpg,3_spot_018,48.4662,552.0819,24.5437,562,24.5437,70,FAIL,true,visually verified marker-to-defect correspondence,blue_marker,preliminary_verified,pending_preview_confirmation,no automatic merge; no warp; no coordinate correction
3,3.jpg,3m.jpg,3_spot_019,332.9404,569.6026,21.101,453,21.101,70,FAIL,true,visually verified marker-to-defect correspondence,blue_marker,preliminary_verified,pending_preview_confirmation,no automatic merge; no warp; no coordinate correction
3,3.jpg,3m.jpg,3_spot_020,185.4831,585.4171,25.8724,561,25.8724,70,FAIL,true,visually verified marker-to-defect correspondence,blue_marker,preliminary_verified,pending_preview_confirmation,no automatic merge; no warp; no coordinate correction
3,3.jpg,3m.jpg,3_spot_021,425.0426,624.8393,40.5618,915,40.5618,70,FAIL,true,visually verified marker-to-defect correspondence,blue_marker,preliminary_verified,pending_preview_confirmation,no automatic merge; no warp; no coordinate correction
3,3.jpg,3m.jpg,3_spot_022,728.2912,625.942,32.0352,776,32.0352,70,FAIL,true,visually verified marker-to-defect correspondence,blue_marker,preliminary_verified,pending_preview_confirmation,no automatic merge; no warp; no coordinate correction
3,3.jpg,3m.jpg,3_spot_023,123.7129,624.3305,26.8051,714,26.8051,70,FAIL,true,visually verified marker-to-defect correspondence,blue_marker,preliminary_verified,pending_preview_confirmation,no automatic merge; no warp; no coordinate correction
3,3.jpg,3m.jpg,3_spot_024,651.0575,696.9726,27.5593,731,27.5593,70,FAIL,true,visually verified marker-to-defect correspondence,blue_marker,preliminary_verified,pending_preview_confirmation,no automatic merge; no warp; no coordinate correction
3,3.jpg,3m.jpg,3_spot_025,135.6103,698.7534,25.3477,580,25.3477,70,FAIL,true,visually verified marker-to-defect correspondence,blue_marker,preliminary_verified,pending_preview_confirmation,no automatic merge; no warp; no coordinate correction
3,3.jpg,3m.jpg,3_spot_026,363.4701,699.3296,27.7355,619,27.7355,70,FAIL,true,visually verified marker-to-defect correspondence,blue_marker,preliminary_verified,pending_preview_confirmation,no automatic merge; no warp; no coordinate correction
3,3.jpg,3m.jpg,3_spot_027,741.3614,719.2272,46.3817,999,46.3817,70,FAIL,true,visually verified marker-to-defect correspondence,blue_marker,preliminary_verified,pending_preview_confirmation,no automatic merge; no warp; no coordinate correction
3,3.jpg,3m.jpg,3_spot_028,326.6567,781.6119,32.5001,670,32.5001,70,FAIL,true,visually verified marker-to-defect correspondence,blue_marker,preliminary_verified,pending_preview_confirmation,no automatic merge; no warp; no coordinate correction
3,3.jpg,3m.jpg,3_spot_029,641.0292,795.8355,34.5164,754,34.5164,70,FAIL,true,visually verified marker-to-defect correspondence,blue_marker,preliminary_verified,pending_preview_confirmation,no automatic merge; no warp; no coordinate correction
3,3.jpg,3m.jpg,3_spot_030,946.1209,793.7043,31.2492,761,31.2492,70,FAIL,true,visually verified marker-to-defect correspondence,blue_marker,preliminary_verified,pending_preview_confirmation,no automatic merge; no warp; no coordinate correction
3,3.jpg,3m.jpg,3_spot_031,441.4018,819.9745,24.8497,550,24.8497,70,FAIL,true,visually verified marker-to-defect correspondence,blue_marker,preliminary_verified,pending_preview_confirmation,no automatic merge; no warp; no coordinate correction
3,3.jpg,3m.jpg,3_spot_032,917.0801,915.5381,42.9114,1024,42.9114,70,FAIL,true,visually verified marker-to-defect correspondence,blue_marker,preliminary_verified,pending_preview_confirmation,no automatic merge; no warp; no coordinate correction
3,3.jpg,3m.jpg,3_spot_033,632.1991,1284.5039,28.4254,643,28.4254,70,FAIL,true,visually verified marker-to-defect correspondence,blue_marker,preliminary_verified,pending_preview_confirmation,no automatic merge; no warp; no coordinate correction
4,4.jpg,4m.jpg,4_spot_001,585.4169,131.5208,33.6509,770,33.6509,80,PASS,true,visually verified marker-to-defect correspondence,blue_marker,preliminary_verified,pending_preview_confirmation,no automatic merge; no warp; no coordinate correction
4,4.jpg,4m.jpg,4_spot_002,901.2867,324.4352,26.8562,586,26.8562,80,PASS,true,visually verified marker-to-defect correspondence,blue_marker,preliminary_verified,pending_preview_confirmation,no automatic merge; no warp; no coordinate correction
4,4.jpg,4m.jpg,4_spot_003,166.021,562.8546,26.5001,619,26.5001,80,PASS,true,visually verified marker-to-defect correspondence,blue_marker,preliminary_verified,pending_preview_confirmation,no automatic merge; no warp; no coordinate correction
4,4.jpg,4m.jpg,4_spot_004,441.5342,722.601,27.1018,629,27.1018,80,PASS,true,visually verified marker-to-defect correspondence,blue_marker,preliminary_verified,pending_preview_confirmation,no automatic merge; no warp; no coordinate correction
4,4.jpg,4m.jpg,4_spot_005,998.7762,771.6036,31.3848,724,31.3848,80,PASS,true,visually verified marker-to-defect correspondence,blue_marker,preliminary_verified,pending_preview_confirmation,no automatic merge; no warp; no coordinate correction
4,4.jpg,4m.jpg,4_spot_006,368.9676,800.6922,38.8122,926,38.8122,80,PASS,true,visually verified marker-to-defect correspondence,blue_marker,preliminary_verified,pending_preview_confirmation,no automatic merge; no warp; no coordinate correction
4,4.jpg,4m.jpg,4_spot_007,55.9972,865.6364,31.8984,715,31.8984,80,PASS,true,visually verified marker-to-defect correspondence,blue_marker,preliminary_verified,pending_preview_confirmation,no automatic merge; no warp; no coordinate correction
4,4.jpg,4m.jpg,4_spot_008,272.0084,894.6657,31.5655,718,31.5655,80,PASS,true,visually verified marker-to-defect correspondence,blue_marker,preliminary_verified,pending_preview_confirmation,no automatic merge; no warp; no coordinate correction
4,4.jpg,4m.jpg,4_spot_009,85.5958,904.1299,33.3543,762,33.3543,80,PASS,true,visually verified marker-to-defect correspondence,blue_marker,preliminary_verified,pending_preview_confirmation,no automatic merge; no warp; no coordinate correction
4,4.jpg,4m.jpg,4_spot_010,126.3667,976.2288,34.7636,848,34.7636,80,PASS,true,visually verified marker-to-defect correspondence,blue_marker,preliminary_verified,pending_preview_confirmation,no automatic merge; no warp; no coordinate correction
4,4.jpg,4m.jpg,4_spot_011,351.4394,982.5895,24.5968,553,24.5968,80,PASS,true,visually verified marker-to-defect correspondence,blue_marker,preliminary_verified,pending_preview_confirmation,no automatic merge; no warp; no coordinate correction
4,4.jpg,4m.jpg,4_spot_012,901.8487,1006.9615,32.8715,780,32.8715,80,PASS,true,visually verified marker-to-defect correspondence,blue_marker,preliminary_verified,pending_preview_confirmation,no automatic merge; no warp; no coordinate correction
4,4.jpg,4m.jpg,4_spot_013,812.1679,1063.9346,30.4139,703,30.4139,80,PASS,true,visually verified marker-to-defect correspondence,blue_marker,preliminary_verified,pending_preview_confirmation,no automatic merge; no warp; no coordinate correction
4,4.jpg,4m.jpg,4_spot_014,141.1663,1094.8106,18.0279,433,18.0279,80,PASS,true,visually verified marker-to-defect correspondence,blue_marker,preliminary_verified,pending_preview_confirmation,no automatic merge; no warp; no coordinate correction
4,4.jpg,4m.jpg,4_spot_015,683.0987,1107.8898,29.5856,699,29.5856,80,PASS,true,visually verified marker-to-defect correspondence,blue_marker,preliminary_verified,pending_preview_confirmation,no automatic merge; no warp; no coordinate correction
4,4.jpg,4m.jpg,4_spot_016,219.8126,1107.5444,21.7113,507,21.7113,80,PASS,true,visually verified marker-to-defect correspondence,blue_marker,preliminary_verified,pending_preview_confirmation,no automatic merge; no warp; no coordinate correction
4,4.jpg,4m.jpg,4_spot_017,878.2318,1136.0894,39.0513,906,39.0513,80,PASS,true,visually verified marker-to-defect correspondence,blue_marker,preliminary_verified,pending_preview_confirmation,no automatic merge; no warp; no coordinate correction
4,4.jpg,4m.jpg,4_spot_018,130.1594,1133.545,18.8216,433,18.8216,80,PASS,true,visually verified marker-to-defect correspondence,blue_marker,preliminary_verified,pending_preview_confirmation,no automatic merge; no warp; no coordinate correction
4,4.jpg,4m.jpg,4_spot_019,959.4623,1164.6724,34.037,809,34.037,80,PASS,true,visually verified marker-to-defect correspondence,blue_marker,preliminary_verified,pending_preview_confirmation,no automatic merge; no warp; no coordinate correction
4,4.jpg,4m.jpg,4_spot_020,128.2371,1198.9,27.5364,620,27.5364,80,PASS,true,visually verified marker-to-defect correspondence,blue_marker,preliminary_verified,pending_preview_confirmation,no automatic merge; no warp; no coordinate correction
4,4.jpg,4m.jpg,4_spot_021,261.2785,1283.4534,31.5675,772,31.5675,80,PASS,true,visually verified marker-to-defect correspondence,blue_marker,preliminary_verified,pending_preview_confirmation,no automatic merge; no warp; no coordinate correction
5,5.jpg,5m.jpg,5_spot_001,810.3227,120.0851,26.9538,564,26.9538,80,PASS,true,visually verified marker-to-defect correspondence,blue_marker,preliminary_verified,pending_preview_confirmation,no automatic merge; no warp; no coordinate correction
5,5.jpg,5m.jpg,5_spot_002,744.4351,136.6929,23.9036,547,23.9036,80,PASS,true,visually verified marker-to-defect correspondence,blue_marker,preliminary_verified,pending_preview_confirmation,no automatic merge; no warp; no coordinate correction
5,5.jpg,5m.jpg,5_spot_003,839.3316,221.5074,50.0,2087,69.6592,80,PASS,true,visually verified marker-to-defect correspondence,blue_marker,preliminary_verified,pending_preview_confirmation,no automatic merge; no warp; no coordinate correction
5,5.jpg,5m.jpg,5_spot_004,691.8011,252.8494,37.3632,890,37.3632,80,PASS,true,visually verified marker-to-defect correspondence,blue_marker,preliminary_verified,pending_preview_confirmation,no automatic merge; no warp; no coordinate correction
5,5.jpg,5m.jpg,5_spot_005,324.9151,256.792,21.8056,577,21.8056,80,PASS,true,visually verified marker-to-defect correspondence,blue_marker,preliminary_verified,pending_preview_confirmation,no automatic merge; no warp; no coordinate correction
5,5.jpg,5m.jpg,5_spot_006,264.931,267.9213,23.9577,623,23.9577,80,PASS,true,visually verified marker-to-defect correspondence,blue_marker,preliminary_verified,pending_preview_confirmation,no automatic merge; no warp; no coordinate correction
5,5.jpg,5m.jpg,5_spot_007,379.0619,319.8,44.9153,970,44.9153,80,PASS,true,visually verified marker-to-defect correspondence,blue_marker,preliminary_verified,pending_preview_confirmation,no automatic merge; no warp; no coordinate correction
5,5.jpg,5m.jpg,5_spot_008,868.998,339.1549,21.0951,497,21.0951,80,PASS,true,visually verified marker-to-defect correspondence,blue_marker,preliminary_verified,pending_preview_confirmation,no automatic merge; no warp; no coordinate correction
5,5.jpg,5m.jpg,5_spot_009,759.9916,345.1137,21.7113,475,21.7113,80,PASS,true,visually verified marker-to-defect correspondence,blue_marker,preliminary_verified,pending_preview_confirmation,no automatic merge; no warp; no coordinate correction
5,5.jpg,5m.jpg,5_spot_010,821.6272,357.7328,20.9375,464,20.9375,80,PASS,true,visually verified marker-to-defect correspondence,blue_marker,preliminary_verified,pending_preview_confirmation,no automatic merge; no warp; no coordinate correction
5,5.jpg,5m.jpg,5_spot_011,756.7189,430.515,39.2238,1103,39.2238,80,PASS,true,visually verified marker-to-defect correspondence,blue_marker,preliminary_verified,pending_preview_confirmation,no automatic merge; no warp; no coordinate correction
5,5.jpg,5m.jpg,5_spot_012,353.0533,503.1931,32.9326,751,32.9326,80,PASS,true,visually verified marker-to-defect correspondence,blue_marker,preliminary_verified,pending_preview_confirmation,no automatic merge; no warp; no coordinate correction
5,5.jpg,5m.jpg,5_spot_013,536.6826,546.0893,26.8944,627,26.8944,80,PASS,true,visually verified marker-to-defect correspondence,blue_marker,preliminary_verified,pending_preview_confirmation,no automatic merge; no warp; no coordinate correction
5,5.jpg,5m.jpg,5_spot_014,647.2243,561.1973,16.5077,370,16.5077,80,PASS,true,visually verified marker-to-defect correspondence,blue_marker,preliminary_verified,pending_preview_confirmation,no automatic merge; no warp; no coordinate correction
5,5.jpg,5m.jpg,5_spot_015,617.5468,629.0685,32.7568,759,32.7568,80,PASS,true,visually verified marker-to-defect correspondence,blue_marker,preliminary_verified,pending_preview_confirmation,no automatic merge; no warp; no coordinate correction
5,5.jpg,5m.jpg,5_spot_016,522.2094,650.003,29.8413,659,29.8413,80,PASS,true,visually verified marker-to-defect correspondence,blue_marker,preliminary_verified,pending_preview_confirmation,no automatic merge; no warp; no coordinate correction
5,5.jpg,5m.jpg,5_spot_017,370.8603,696.1343,23.1386,551,23.1386,80,PASS,true,visually verified marker-to-defect correspondence,blue_marker,preliminary_verified,pending_preview_confirmation,no automatic merge; no warp; no coordinate correction
5,5.jpg,5m.jpg,5_spot_018,514.4491,701.3194,22.7432,501,22.7432,80,PASS,true,visually verified marker-to-defect correspondence,blue_marker,preliminary_verified,pending_preview_confirmation,no automatic merge; no warp; no coordinate correction
5,5.jpg,5m.jpg,5_spot_019,616.8646,726.8545,25.8531,591,25.8531,80,PASS,true,visually verified marker-to-defect correspondence,blue_marker,preliminary_verified,pending_preview_confirmation,no automatic merge; no warp; no coordinate correction
5,5.jpg,5m.jpg,5_spot_020,544.6333,729.3574,25.2266,540,25.2266,80,PASS,true,visually verified marker-to-defect correspondence,blue_marker,preliminary_verified,pending_preview_confirmation,no automatic merge; no warp; no coordinate correction
5,5.jpg,5m.jpg,5_spot_021,597.7216,915.8956,20.2486,431,20.2486,80,PASS,true,visually verified marker-to-defect correspondence,blue_marker,preliminary_verified,pending_preview_confirmation,no automatic merge; no warp; no coordinate correction
5,5.jpg,5m.jpg,5_spot_022,415.9909,1067.8966,24.0116,551,24.0116,80,PASS,true,visually verified marker-to-defect correspondence,blue_marker,preliminary_verified,pending_preview_confirmation,no automatic merge; no warp; no coordinate correction
5,5.jpg,5m.jpg,5_spot_023,695.6327,1122.9412,31.7238,765,31.7238,80,PASS,true,visually verified marker-to-defect correspondence,blue_marker,preliminary_verified,pending_preview_confirmation,no automatic merge; no warp; no coordinate correction
5,5.jpg,5m.jpg,5_spot_024,667.0848,1275.7976,28.6924,672,28.6924,80,PASS,true,visually verified marker-to-defect correspondence,blue_marker,preliminary_verified,pending_preview_confirmation,no automatic merge; no warp; no coordinate correction
5,5.jpg,5m.jpg,5_spot_025,367.6629,1366.4569,26.6342,626,26.6342,80,PASS,true,visually verified marker-to-defect correspondence,blue_marker,preliminary_verified,pending_preview_confirmation,no automatic merge; no warp; no coordinate correction
6,6.jpg,6m.jpg,6_spot_001,683.6049,338.4353,22.0165,572,22.0165,90,PASS,true,visually verified marker-to-defect correspondence,blue_marker,preliminary_verified,pending_preview_confirmation,no automatic merge; no warp; no coordinate correction
6,6.jpg,6m.jpg,6_spot_002,596.09,351.9509,25.3033,611,25.3033,90,PASS,true,visually verified marker-to-defect correspondence,blue_marker,preliminary_verified,pending_preview_confirmation,no automatic merge; no warp; no coordinate correction
6,6.jpg,6m.jpg,6_spot_003,334.0863,359.0712,31.7078,730,31.7078,90,PASS,true,visually verified marker-to-defect correspondence,blue_marker,preliminary_verified,pending_preview_confirmation,no automatic merge; no warp; no coordinate correction
6,6.jpg,6m.jpg,6_spot_004,646.6748,385.7176,30.4796,655,30.4796,90,PASS,true,visually verified marker-to-defect correspondence,blue_marker,preliminary_verified,pending_preview_confirmation,no automatic merge; no warp; no coordinate correction
6,6.jpg,6m.jpg,6_spot_005,454.6795,428.0034,33.3675,886,33.3675,90,PASS,true,visually verified marker-to-defect correspondence,blue_marker,preliminary_verified,pending_preview_confirmation,no automatic merge; no warp; no coordinate correction
6,6.jpg,6m.jpg,6_spot_006,231.2262,482.1223,31.2612,703,31.2612,90,PASS,true,visually verified marker-to-defect correspondence,blue_marker,preliminary_verified,pending_preview_confirmation,no automatic merge; no warp; no coordinate correction
6,6.jpg,6m.jpg,6_spot_007,140.7405,489.8093,31.345,713,31.345,90,PASS,true,visually verified marker-to-defect correspondence,blue_marker,preliminary_verified,pending_preview_confirmation,no automatic merge; no warp; no coordinate correction
6,6.jpg,6m.jpg,6_spot_008,639.6002,507.7341,42.012,1023,42.012,90,PASS,true,visually verified marker-to-defect correspondence,blue_marker,preliminary_verified,pending_preview_confirmation,no automatic merge; no warp; no coordinate correction
6,6.jpg,6m.jpg,6_spot_009,319.1555,685.1155,30.2077,701,30.2077,90,PASS,true,visually verified marker-to-defect correspondence,blue_marker,preliminary_verified,pending_preview_confirmation,no automatic merge; no warp; no coordinate correction
6,6.jpg,6m.jpg,6_spot_010,395.6945,703.2315,32.3324,743,32.3324,90,PASS,true,visually verified marker-to-defect correspondence,blue_marker,preliminary_verified,pending_preview_confirmation,no automatic merge; no warp; no coordinate correction
6,6.jpg,6m.jpg,6_spot_011,113.5067,878.8288,35.3985,1040,35.3985,90,PASS,true,visually verified marker-to-defect correspondence,blue_marker,preliminary_verified,pending_preview_confirmation,no automatic merge; no warp; no coordinate correction
6,6.jpg,6m.jpg,6_spot_012,407.895,876.8117,33.3018,733,33.3018,90,PASS,true,visually verified marker-to-defect correspondence,blue_marker,preliminary_verified,pending_preview_confirmation,no automatic merge; no warp; no coordinate correction
6,6.jpg,6m.jpg,6_spot_013,450.7829,979.9647,32.5577,737,32.5577,90,PASS,true,visually verified marker-to-defect correspondence,blue_marker,preliminary_verified,pending_preview_confirmation,no automatic merge; no warp; no coordinate correction
6,6.jpg,6m.jpg,6_spot_014,713.232,1048.7151,30.887,737,30.887,90,PASS,true,visually verified marker-to-defect correspondence,blue_marker,preliminary_verified,pending_preview_confirmation,no automatic merge; no warp; no coordinate correction
6,6.jpg,6m.jpg,6_spot_015,902.8228,1076.6772,28.6532,666,28.6532,90,PASS,true,visually verified marker-to-defect correspondence,blue_marker,preliminary_verified,pending_preview_confirmation,no automatic merge; no warp; no coordinate correction
6,6.jpg,6m.jpg,6_spot_016,771.8386,1104.0739,31.1931,731,31.1931,90,PASS,true,visually verified marker-to-defect correspondence,blue_marker,preliminary_verified,pending_preview_confirmation,no automatic merge; no warp; no coordinate correction
6,6.jpg,6m.jpg,6_spot_017,816.5993,1135.0696,25.8119,589,25.8119,90,PASS,true,visually verified marker-to-defect correspondence,blue_marker,preliminary_verified,pending_preview_confirmation,no automatic merge; no warp; no coordinate correction
7,7.jpg,7m.jpg,7_spot_001,590.6402,48.4613,50.0,1626,71.5692,80,PASS,true,visually verified marker-to-defect correspondence,blue_marker,preliminary_verified,pending_preview_confirmation,no automatic merge; no warp; no coordinate correction
7,7.jpg,7m.jpg,7_spot_002,910.9338,69.1748,50.0,1602,54.5476,80,PASS,true,visually verified marker-to-defect correspondence,blue_marker,preliminary_verified,pending_preview_confirmation,no automatic merge; no warp; no coordinate correction
7,7.jpg,7m.jpg,7_spot_003,1006.0317,82.7629,44.9028,1105,44.9028,80,PASS,true,visually verified marker-to-defect correspondence,blue_marker,preliminary_verified,pending_preview_confirmation,no automatic merge; no warp; no coordinate correction
7,7.jpg,7m.jpg,7_spot_004,622.9043,159.5756,50.0,1494,62.0434,80,PASS,true,visually verified marker-to-defect correspondence,blue_marker,preliminary_verified,pending_preview_confirmation,no automatic merge; no warp; no coordinate correction
7,7.jpg,7m.jpg,7_spot_005,995.3005,224.7154,50.0,1504,62.342,80,PASS,true,visually verified marker-to-defect correspondence,blue_marker,preliminary_verified,pending_preview_confirmation,no automatic merge; no warp; no coordinate correction
7,7.jpg,7m.jpg,7_spot_006,525.6039,248.7754,49.6821,1242,49.6821,80,PASS,true,visually verified marker-to-defect correspondence,blue_marker,preliminary_verified,pending_preview_confirmation,no automatic merge; no warp; no coordinate correction
7,7.jpg,7m.jpg,7_spot_007,391.5305,255.7873,38.1704,1067,38.1704,80,PASS,true,visually verified marker-to-defect correspondence,blue_marker,preliminary_verified,pending_preview_confirmation,no automatic merge; no warp; no coordinate correction
7,7.jpg,7m.jpg,7_spot_008,271.1478,309.916,50.0,1191,50.9314,80,PASS,true,visually verified marker-to-defect correspondence,blue_marker,preliminary_verified,pending_preview_confirmation,no automatic merge; no warp; no coordinate correction
7,7.jpg,7m.jpg,7_spot_009,803.9433,355.921,50.0,3052,96.2138,80,PASS,true,visually verified marker-to-defect correspondence,blue_marker,preliminary_verified,pending_preview_confirmation,no automatic merge; no warp; no coordinate correction
7,7.jpg,7m.jpg,7_spot_010,469.6508,377.4266,47.508,1111,47.508,80,PASS,true,visually verified marker-to-defect correspondence,blue_marker,preliminary_verified,pending_preview_confirmation,no automatic merge; no warp; no coordinate correction
7,7.jpg,7m.jpg,7_spot_011,85.333,386.0722,50.0,1898,60.2102,80,PASS,true,visually verified marker-to-defect correspondence,blue_marker,preliminary_verified,pending_preview_confirmation,no automatic merge; no warp; no coordinate correction
7,7.jpg,7m.jpg,7_spot_012,351.9226,381.2804,50.0,1758,64.6781,80,PASS,true,visually verified marker-to-defect correspondence,blue_marker,preliminary_verified,pending_preview_confirmation,no automatic merge; no warp; no coordinate correction
7,7.jpg,7m.jpg,7_spot_013,411.242,449.903,40.2648,876,40.2648,80,PASS,true,visually verified marker-to-defect correspondence,blue_marker,preliminary_verified,pending_preview_confirmation,no automatic merge; no warp; no coordinate correction
7,7.jpg,7m.jpg,7_spot_014,64.8825,512.1498,33.6156,868,33.6156,80,PASS,true,visually verified marker-to-defect correspondence,blue_marker,preliminary_verified,pending_preview_confirmation,no automatic merge; no warp; no coordinate correction
7,7.jpg,7m.jpg,7_spot_015,406.1225,601.4726,40.734,914,40.734,80,PASS,true,visually verified marker-to-defect correspondence,blue_marker,preliminary_verified,pending_preview_confirmation,no automatic merge; no warp; no coordinate correction
7,7.jpg,7m.jpg,7_spot_016,826.2266,678.2124,48.6662,1205,48.6662,80,PASS,true,visually verified marker-to-defect correspondence,blue_marker,preliminary_verified,pending_preview_confirmation,no automatic merge; no warp; no coordinate correction
7,7.jpg,7m.jpg,7_spot_017,634.8589,702.1503,50.0,1417,60.7167,80,PASS,true,visually verified marker-to-defect correspondence,blue_marker,preliminary_verified,pending_preview_confirmation,no automatic merge; no warp; no coordinate correction
7,7.jpg,7m.jpg,7_spot_018,474.7048,700.7917,46.1412,1013,46.1412,80,PASS,true,visually verified marker-to-defect correspondence,blue_marker,preliminary_verified,pending_preview_confirmation,no automatic merge; no warp; no coordinate correction
7,7.jpg,7m.jpg,7_spot_019,61.0478,706.2679,30.3735,836,30.3735,80,PASS,true,visually verified marker-to-defect correspondence,blue_marker,preliminary_verified,pending_preview_confirmation,no automatic merge; no warp; no coordinate correction
7,7.jpg,7m.jpg,7_spot_020,159.5707,707.5067,27.0489,750,27.0489,80,PASS,true,visually verified marker-to-defect correspondence,blue_marker,preliminary_verified,pending_preview_confirmation,no automatic merge; no warp; no coordinate correction
7,7.jpg,7m.jpg,7_spot_021,361.1034,728.3883,39.452,909,39.452,80,PASS,true,visually verified marker-to-defect correspondence,blue_marker,preliminary_verified,pending_preview_confirmation,no automatic merge; no warp; no coordinate correction
7,7.jpg,7m.jpg,7_spot_022,292.9125,837.998,41.0428,983,41.0428,80,PASS,true,visually verified marker-to-defect correspondence,blue_marker,preliminary_verified,pending_preview_confirmation,no automatic merge; no warp; no coordinate correction
7,7.jpg,7m.jpg,7_spot_023,404.5525,848.3437,37.2073,838,37.2073,80,PASS,true,visually verified marker-to-defect correspondence,blue_marker,preliminary_verified,pending_preview_confirmation,no automatic merge; no warp; no coordinate correction
7,7.jpg,7m.jpg,7_spot_024,449.9849,900.156,35.7964,795,35.7964,80,PASS,true,visually verified marker-to-defect correspondence,blue_marker,preliminary_verified,pending_preview_confirmation,no automatic merge; no warp; no coordinate correction
7,7.jpg,7m.jpg,7_spot_025,288.0561,939.8879,29.7827,749,29.7827,80,PASS,true,visually verified marker-to-defect correspondence,blue_marker,preliminary_verified,pending_preview_confirmation,no automatic merge; no warp; no coordinate correction
7,7.jpg,7m.jpg,7_spot_026,917.4811,1030.9331,50.0,1615,64.7477,80,PASS,true,visually verified marker-to-defect correspondence,blue_marker,preliminary_verified,pending_preview_confirmation,no automatic merge; no warp; no coordinate correction
7,7.jpg,7m.jpg,7_spot_027,609.5296,1247.0222,50.0,1216,50.0026,80,PASS,true,visually verified marker-to-defect correspondence,blue_marker,preliminary_verified,pending_preview_confirmation,no automatic merge; no warp; no coordinate correction
8,8.jpg,8m.jpg,8_spot_001,453.4871,77.3266,50.0,1390,58.7389,90,PASS,true,visually verified marker-to-defect correspondence,blue_marker,preliminary_verified,pending_preview_confirmation,no automatic merge; no warp; no coordinate correction
8,8.jpg,8m.jpg,8_spot_002,642.0685,139.9229,37.5034,817,37.5034,90,PASS,true,visually verified marker-to-defect correspondence,blue_marker,preliminary_verified,pending_preview_confirmation,no automatic merge; no warp; no coordinate correction
8,8.jpg,8m.jpg,8_spot_003,682.5116,210.9612,50.0,2113,79.1913,90,PASS,true,visually verified marker-to-defect correspondence,blue_marker,preliminary_verified,pending_preview_confirmation,no automatic merge; no warp; no coordinate correction
8,8.jpg,8m.jpg,8_spot_004,417.3815,204.1965,50.0,1308,54.8567,90,PASS,true,visually verified marker-to-defect correspondence,blue_marker,preliminary_verified,pending_preview_confirmation,no automatic merge; no warp; no coordinate correction
8,8.jpg,8m.jpg,8_spot_005,543.1107,219.578,46.4463,1102,46.4463,90,PASS,true,visually verified marker-to-defect correspondence,blue_marker,preliminary_verified,pending_preview_confirmation,no automatic merge; no warp; no coordinate correction
8,8.jpg,8m.jpg,8_spot_006,865.9383,263.7773,41.1891,1199,41.1891,90,PASS,true,visually verified marker-to-defect correspondence,blue_marker,preliminary_verified,pending_preview_confirmation,no automatic merge; no warp; no coordinate correction
8,8.jpg,8m.jpg,8_spot_007,243.9941,318.0903,50.0,1185,51.0393,90,PASS,true,visually verified marker-to-defect correspondence,blue_marker,preliminary_verified,pending_preview_confirmation,no automatic merge; no warp; no coordinate correction
8,8.jpg,8m.jpg,8_spot_008,152.9111,310.6664,44.4186,1148,44.4186,90,PASS,true,visually verified marker-to-defect correspondence,blue_marker,preliminary_verified,pending_preview_confirmation,no automatic merge; no warp; no coordinate correction
8,8.jpg,8m.jpg,8_spot_009,1002.489,377.3771,50.0,1912,78.32,90,PASS,true,visually verified marker-to-defect correspondence,blue_marker,preliminary_verified,pending_preview_confirmation,no automatic merge; no warp; no coordinate correction
8,8.jpg,8m.jpg,8_spot_010,555.2254,377.5467,50.0,2817,101.9511,90,PASS,true,visually verified marker-to-defect correspondence,blue_marker,preliminary_verified,pending_preview_confirmation,no automatic merge; no warp; no coordinate correction
8,8.jpg,8m.jpg,8_spot_011,403.1052,377.3594,48.7084,1074,48.7084,90,PASS,true,visually verified marker-to-defect correspondence,blue_marker,preliminary_verified,pending_preview_confirmation,no automatic merge; no warp; no coordinate correction
8,8.jpg,8m.jpg,8_spot_012,193.8771,418.4849,50.0,2279,69.9519,90,PASS,true,visually verified marker-to-defect correspondence,blue_marker,preliminary_verified,pending_preview_confirmation,no automatic merge; no warp; no coordinate correction
8,8.jpg,8m.jpg,8_spot_013,920.3599,463.0978,41.5722,1206,41.5722,90,PASS,true,visually verified marker-to-defect correspondence,blue_marker,preliminary_verified,pending_preview_confirmation,no automatic merge; no warp; no coordinate correction
8,8.jpg,8m.jpg,8_spot_014,800.6718,590.9191,50.0,4028,156.6047,90,PASS,true,visually verified marker-to-defect correspondence,blue_marker,preliminary_verified,pending_preview_confirmation,no automatic merge; no warp; no coordinate correction
8,8.jpg,8m.jpg,8_spot_015,147.3654,661.357,45.9315,1322,45.9315,90,PASS,true,visually verified marker-to-defect correspondence,blue_marker,preliminary_verified,pending_preview_confirmation,no automatic merge; no warp; no coordinate correction
8,8.jpg,8m.jpg,8_spot_016,1029.424,801.8233,50.0,2467,99.9526,90,PASS,true,visually verified marker-to-defect correspondence,blue_marker,preliminary_verified,pending_preview_confirmation,no automatic merge; no warp; no coordinate correction
8,8.jpg,8m.jpg,8_spot_017,339.839,965.0824,50.0,1590,65.4858,90,PASS,true,visually verified marker-to-defect correspondence,blue_marker,preliminary_verified,pending_preview_confirmation,no automatic merge; no warp; no coordinate correction
8,8.jpg,8m.jpg,8_spot_018,736.6756,1234.573,50.0,1569,61.5874,90,PASS,true,visually verified marker-to-defect correspondence,blue_marker,preliminary_verified,pending_preview_confirmation,no automatic merge; no warp; no coordinate correction
8,8.jpg,8m.jpg,8_spot_019,157.2973,1312.2015,50.0,2496,83.4522,90,PASS,true,visually verified marker-to-defect correspondence,blue_marker,preliminary_verified,pending_preview_confirmation,no automatic merge; no warp; no coordinate correction
8,8.jpg,8m.jpg,8_spot_020,259.4648,1352.0789,45.4535,1179,45.4535,90,PASS,true,visually verified marker-to-defect correspondence,blue_marker,preliminary_verified,pending_preview_confirmation,no automatic merge; no warp; no coordinate correction
9,9.jpg,9m.jpg,9_spot_001,663.4989,453.4579,35.847,878,35.847,90,PASS,true,visually verified marker-to-defect correspondence,blue_marker,preliminary_verified,pending_preview_confirmation,no automatic merge; no warp; no coordinate correction
9,9.jpg,9m.jpg,9_spot_002,590.7042,511.4037,44.2296,1038,44.2296,90,PASS,true,visually verified marker-to-defect correspondence,blue_marker,preliminary_verified,pending_preview_confirmation,no automatic merge; no warp; no coordinate correction
9,9.jpg,9m.jpg,9_spot_003,380.7209,510.0291,34.482,824,34.482,90,PASS,true,visually verified marker-to-defect correspondence,blue_marker,preliminary_verified,pending_preview_confirmation,no automatic merge; no warp; no coordinate correction
9,9.jpg,9m.jpg,9_spot_004,308.6478,548.3558,24.1672,548,24.1672,90,PASS,true,visually verified marker-to-defect correspondence,blue_marker,preliminary_verified,pending_preview_confirmation,no automatic merge; no warp; no coordinate correction
9,9.jpg,9m.jpg,9_spot_005,790.7107,606.0953,50.0,2257,76.148,90,PASS,true,visually verified marker-to-defect correspondence,blue_marker,preliminary_verified,pending_preview_confirmation,no automatic merge; no warp; no coordinate correction
9,9.jpg,9m.jpg,9_spot_006,880.5286,650.5809,43.7308,995,43.7308,90,PASS,true,visually verified marker-to-defect correspondence,blue_marker,preliminary_verified,pending_preview_confirmation,no automatic merge; no warp; no coordinate correction
9,9.jpg,9m.jpg,9_spot_007,478.6699,671.1869,35.7545,824,35.7545,90,PASS,true,visually verified marker-to-defect correspondence,blue_marker,preliminary_verified,pending_preview_confirmation,no automatic merge; no warp; no coordinate correction
9,9.jpg,9m.jpg,9_spot_008,757.9874,756.8801,40.5645,1109,40.5645,90,PASS,true,visually verified marker-to-defect correspondence,blue_marker,preliminary_verified,pending_preview_confirmation,no automatic merge; no warp; no coordinate correction
9,9.jpg,9m.jpg,9_spot_009,423.4868,812.6802,50.0,1401,59.6658,90,PASS,true,visually verified marker-to-defect correspondence,blue_marker,preliminary_verified,pending_preview_confirmation,no automatic merge; no warp; no coordinate correction
9,9.jpg,9m.jpg,9_spot_010,185.365,800.0095,32.5001,737,32.5001,90,PASS,true,visually verified marker-to-defect correspondence,blue_marker,preliminary_verified,pending_preview_confirmation,no automatic merge; no warp; no coordinate correction
9,9.jpg,9m.jpg,9_spot_011,890.9487,883.3651,44.6788,1268,44.6788,90,PASS,true,visually verified marker-to-defect correspondence,blue_marker,preliminary_verified,pending_preview_confirmation,no automatic merge; no warp; no coordinate correction
9,9.jpg,9m.jpg,9_spot_012,1079.5468,986.1805,30.8059,737,30.8059,90,PASS,true,visually verified marker-to-defect correspondence,blue_marker,preliminary_verified,pending_preview_confirmation,no automatic merge; no warp; no coordinate correction
9,9.jpg,9m.jpg,9_spot_013,503.2017,1035.1766,50.0,1512,61.4004,90,PASS,true,visually verified marker-to-defect correspondence,blue_marker,preliminary_verified,pending_preview_confirmation,no automatic merge; no warp; no coordinate correction
10,10.jpg,10m.jpg,10_spot_001,841.3292,98.81,50.0,2658,89.9127,90,PASS,true,visually verified marker-to-defect correspondence,blue_marker,preliminary_verified,pending_preview_confirmation,no automatic merge; no warp; no coordinate correction
10,10.jpg,10m.jpg,10_spot_002,207.1253,196.6521,50.0,1460,62.3259,90,PASS,true,visually verified marker-to-defect correspondence,blue_marker,preliminary_verified,pending_preview_confirmation,no automatic merge; no warp; no coordinate correction
10,10.jpg,10m.jpg,10_spot_003,714.9188,223.9271,50.0,1454,63.4548,90,PASS,true,visually verified marker-to-defect correspondence,blue_marker,preliminary_verified,pending_preview_confirmation,no automatic merge; no warp; no coordinate correction
10,10.jpg,10m.jpg,10_spot_004,915.015,236.9903,39.625,1133,39.625,90,PASS,true,visually verified marker-to-defect correspondence,blue_marker,preliminary_verified,pending_preview_confirmation,no automatic merge; no warp; no coordinate correction
10,10.jpg,10m.jpg,10_spot_005,433.7631,364.482,50.0,1587,72.631,90,PASS,true,visually verified marker-to-defect correspondence,blue_marker,preliminary_verified,pending_preview_confirmation,no automatic merge; no warp; no coordinate correction
10,10.jpg,10m.jpg,10_spot_006,594.7631,497.8423,50.0,1579,65.1806,90,PASS,true,visually verified marker-to-defect correspondence,blue_marker,preliminary_verified,pending_preview_confirmation,no automatic merge; no warp; no coordinate correction
10,10.jpg,10m.jpg,10_spot_007,475.0632,508.9056,44.3425,1091,44.3425,90,PASS,true,visually verified marker-to-defect correspondence,blue_marker,preliminary_verified,pending_preview_confirmation,no automatic merge; no warp; no coordinate correction
10,10.jpg,10m.jpg,10_spot_008,366.5518,574.5424,40.1546,955,40.1546,90,PASS,true,visually verified marker-to-defect correspondence,blue_marker,preliminary_verified,pending_preview_confirmation,no automatic merge; no warp; no coordinate correction
10,10.jpg,10m.jpg,10_spot_009,417.0468,680.1847,36.8851,877,36.8851,90,PASS,true,visually verified marker-to-defect correspondence,blue_marker,preliminary_verified,pending_preview_confirmation,no automatic merge; no warp; no coordinate correction
10,10.jpg,10m.jpg,10_spot_010,277.3936,725.6669,50.0,1372,57.6835,90,PASS,true,visually verified marker-to-defect correspondence,blue_marker,preliminary_verified,pending_preview_confirmation,no automatic merge; no warp; no coordinate correction
10,10.jpg,10m.jpg,10_spot_011,713.1623,792.5738,47.1846,1152,47.1846,90,PASS,true,visually verified marker-to-defect correspondence,blue_marker,preliminary_verified,pending_preview_confirmation,no automatic merge; no warp; no coordinate correction
10,10.jpg,10m.jpg,10_spot_012,934.3302,805.1663,50.0,1263,50.9363,90,PASS,true,visually verified marker-to-defect correspondence,blue_marker,preliminary_verified,pending_preview_confirmation,no automatic merge; no warp; no coordinate correction
10,10.jpg,10m.jpg,10_spot_013,881.1844,898.8698,41.7494,960,41.7494,90,PASS,true,visually verified marker-to-defect correspondence,blue_marker,preliminary_verified,pending_preview_confirmation,no automatic merge; no warp; no coordinate correction
10,10.jpg,10m.jpg,10_spot_014,440.6964,939.7582,50.0,1245,54.1238,90,PASS,true,visually verified marker-to-defect correspondence,blue_marker,preliminary_verified,pending_preview_confirmation,no automatic merge; no warp; no coordinate correction
10,10.jpg,10m.jpg,10_spot_015,694.0682,943.9674,50.0,1320,54.9398,90,PASS,true,visually verified marker-to-defect correspondence,blue_marker,preliminary_verified,pending_preview_confirmation,no automatic merge; no warp; no coordinate correction
10,10.jpg,10m.jpg,10_spot_016,970.8061,954.9744,48.972,1289,48.972,90,PASS,true,visually verified marker-to-defect correspondence,blue_marker,preliminary_verified,pending_preview_confirmation,no automatic merge; no warp; no coordinate correction
10,10.jpg,10m.jpg,10_spot_017,738.3369,1016.4328,49.543,1116,49.543,90,PASS,true,visually verified marker-to-defect correspondence,blue_marker,preliminary_verified,pending_preview_confirmation,no automatic merge; no warp; no coordinate correction
10,10.jpg,10m.jpg,10_spot_018,993.6507,1066.616,30.9254,750,30.9254,90,PASS,true,visually verified marker-to-defect correspondence,blue_marker,preliminary_verified,pending_preview_confirmation,no automatic merge; no warp; no coordinate correction
10,10.jpg,10m.jpg,10_spot_019,916.9757,1093.0702,46.049,1069,46.049,90,PASS,true,visually verified marker-to-defect correspondence,blue_marker,preliminary_verified,pending_preview_confirmation,no automatic merge; no warp; no coordinate correction
10,10.jpg,10m.jpg,10_spot_020,455.0643,1133.3914,50.0,1321,54.167,90,PASS,true,visually verified marker-to-defect correspondence,blue_marker,preliminary_verified,pending_preview_confirmation,no automatic merge; no warp; no coordinate correction
11,11.jpg,11m.jpg,11_spot_001,248.6848,290.8128,45.0251,1047,45.0251,70,FAIL,true,visually verified marker-to-defect correspondence,blue_marker,preliminary_verified,pending_preview_confirmation,no automatic merge; no warp; no coordinate correction
11,11.jpg,11m.jpg,11_spot_002,148.3646,299.6098,46.1412,1056,46.1412,70,FAIL,true,visually verified marker-to-defect correspondence,blue_marker,preliminary_verified,pending_preview_confirmation,no automatic merge; no warp; no coordinate correction
11,11.jpg,11m.jpg,11_spot_003,330.1362,369.5534,50.0,1865,86.1424,70,FAIL,true,visually verified marker-to-defect correspondence,blue_marker,preliminary_verified,pending_preview_confirmation,no automatic merge; no warp; no coordinate correction
11,11.jpg,11m.jpg,11_spot_004,815.5493,356.6877,49.3091,1156,49.3091,70,FAIL,true,visually verified marker-to-defect correspondence,blue_marker,preliminary_verified,pending_preview_confirmation,no automatic merge; no warp; no coordinate correction
11,11.jpg,11m.jpg,11_spot_005,473.3195,377.8621,40.3858,870,40.3858,70,FAIL,true,visually verified marker-to-defect correspondence,blue_marker,preliminary_verified,pending_preview_confirmation,no automatic merge; no warp; no coordinate correction
11,11.jpg,11m.jpg,11_spot_006,716.5257,385.0,49.543,1090,49.543,70,FAIL,true,visually verified marker-to-defect correspondence,blue_marker,preliminary_verified,pending_preview_confirmation,no automatic merge; no warp; no coordinate correction
11,11.jpg,11m.jpg,11_spot_007,145.9874,401.5074,43.2355,952,43.2355,70,FAIL,true,visually verified marker-to-defect correspondence,blue_marker,preliminary_verified,pending_preview_confirmation,no automatic merge; no warp; no coordinate correction
11,11.jpg,11m.jpg,11_spot_008,324.9876,443.8992,29.4513,645,29.4513,70,FAIL,true,visually verified marker-to-defect correspondence,blue_marker,preliminary_verified,pending_preview_confirmation,no automatic merge; no warp; no coordinate correction
11,11.jpg,11m.jpg,11_spot_009,460.5952,467.7891,26.435,588,26.435,70,FAIL,true,visually verified marker-to-defect correspondence,blue_marker,preliminary_verified,pending_preview_confirmation,no automatic merge; no warp; no coordinate correction
11,11.jpg,11m.jpg,11_spot_010,181.4678,490.9357,32.7568,793,32.7568,70,FAIL,true,visually verified marker-to-defect correspondence,blue_marker,preliminary_verified,pending_preview_confirmation,no automatic merge; no warp; no coordinate correction
11,11.jpg,11m.jpg,11_spot_011,259.5437,498.3069,32.6498,756,32.6498,70,FAIL,true,visually verified marker-to-defect correspondence,blue_marker,preliminary_verified,pending_preview_confirmation,no automatic merge; no warp; no coordinate correction
11,11.jpg,11m.jpg,11_spot_012,712.2592,522.4781,50.0,1165,51.793,70,FAIL,true,visually verified marker-to-defect correspondence,blue_marker,preliminary_verified,pending_preview_confirmation,no automatic merge; no warp; no coordinate correction
11,11.jpg,11m.jpg,11_spot_013,985.425,567.8494,50.0,1633,66.6278,70,FAIL,true,visually verified marker-to-defect correspondence,blue_marker,preliminary_verified,pending_preview_confirmation,no automatic merge; no warp; no coordinate correction
11,11.jpg,11m.jpg,11_spot_014,484.0612,575.1874,44.0513,1062,44.0513,70,FAIL,true,visually verified marker-to-defect correspondence,blue_marker,preliminary_verified,pending_preview_confirmation,no automatic merge; no warp; no coordinate correction
11,11.jpg,11m.jpg,11_spot_015,238.9971,602.5727,31.4703,681,31.4703,70,FAIL,true,visually verified marker-to-defect correspondence,blue_marker,preliminary_verified,pending_preview_confirmation,no automatic merge; no warp; no coordinate correction
11,11.jpg,11m.jpg,11_spot_016,1064.1677,629.322,48.5027,972,48.5027,70,FAIL,true,visually verified marker-to-defect correspondence,blue_marker,preliminary_verified,pending_preview_confirmation,no automatic merge; no warp; no coordinate correction
11,11.jpg,11m.jpg,11_spot_017,274.1211,662.5322,37.1518,793,37.1518,70,FAIL,true,visually verified marker-to-defect correspondence,blue_marker,preliminary_verified,pending_preview_confirmation,no automatic merge; no warp; no coordinate correction
11,11.jpg,11m.jpg,11_spot_018,503.0612,673.0095,40.0313,947,40.0313,70,FAIL,true,visually verified marker-to-defect correspondence,blue_marker,preliminary_verified,pending_preview_confirmation,no automatic merge; no warp; no coordinate correction
11,11.jpg,11m.jpg,11_spot_019,413.2776,685.6701,30.9234,688,30.9234,70,FAIL,true,visually verified marker-to-defect correspondence,blue_marker,preliminary_verified,pending_preview_confirmation,no automatic merge; no warp; no coordinate correction
11,11.jpg,11m.jpg,11_spot_020,278.7532,721.072,35.8522,847,35.8522,70,FAIL,true,visually verified marker-to-defect correspondence,blue_marker,preliminary_verified,pending_preview_confirmation,no automatic merge; no warp; no coordinate correction
11,11.jpg,11m.jpg,11_spot_021,398.6839,762.0881,42.9742,1158,42.9742,70,FAIL,true,visually verified marker-to-defect correspondence,blue_marker,preliminary_verified,pending_preview_confirmation,no automatic merge; no warp; no coordinate correction
11,11.jpg,11m.jpg,11_spot_022,192.756,798.3812,34.0486,787,34.0486,70,FAIL,true,visually verified marker-to-defect correspondence,blue_marker,preliminary_verified,pending_preview_confirmation,no automatic merge; no warp; no coordinate correction
11,11.jpg,11m.jpg,11_spot_023,556.5541,954.0645,50.0,1534,63.3394,70,FAIL,true,visually verified marker-to-defect correspondence,blue_marker,preliminary_verified,pending_preview_confirmation,no automatic merge; no warp; no coordinate correction
11,11.jpg,11m.jpg,11_spot_024,293.8296,947.5405,50.0,1197,55.1997,70,FAIL,true,visually verified marker-to-defect correspondence,blue_marker,preliminary_verified,pending_preview_confirmation,no automatic merge; no warp; no coordinate correction
11,11.jpg,11m.jpg,11_spot_025,201.3449,952.0049,34.9071,809,34.9071,70,FAIL,true,visually verified marker-to-defect correspondence,blue_marker,preliminary_verified,pending_preview_confirmation,no automatic merge; no warp; no coordinate correction
11,11.jpg,11m.jpg,11_spot_026,802.9053,1038.0754,41.9316,1035,41.9316,70,FAIL,true,visually verified marker-to-defect correspondence,blue_marker,preliminary_verified,pending_preview_confirmation,no automatic merge; no warp; no coordinate correction
11,11.jpg,11m.jpg,11_spot_027,201.7466,1119.0587,50.0,1567,62.5001,70,FAIL,true,visually verified marker-to-defect correspondence,blue_marker,preliminary_verified,pending_preview_confirmation,no automatic merge; no warp; no coordinate correction
11,11.jpg,11m.jpg,11_spot_028,501.3328,1127.0894,50.0,1364,56.3062,70,FAIL,true,visually verified marker-to-defect correspondence,blue_marker,preliminary_verified,pending_preview_confirmation,no automatic merge; no warp; no coordinate correction
11,11.jpg,11m.jpg,11_spot_029,418.2739,1240.7081,50.0,1785,62.8841,70,FAIL,true,visually verified marker-to-defect correspondence,blue_marker,preliminary_verified,pending_preview_confirmation,no automatic merge; no warp; no coordinate correction
11,11.jpg,11m.jpg,11_spot_030,141.0931,1253.7586,42.7666,1342,42.7666,70,FAIL,true,visually verified marker-to-defect correspondence,blue_marker,preliminary_verified,pending_preview_confirmation,no automatic merge; no warp; no coordinate correction
11,11.jpg,11m.jpg,11_spot_031,581.4571,1323.7526,50.0,1269,51.7157,70,FAIL,true,visually verified marker-to-defect correspondence,blue_marker,preliminary_verified,pending_preview_confirmation,no automatic merge; no warp; no coordinate correction
12,12.jpg,12m.jpg,12_spot_001,607.7205,200.1353,37.4562,1027,37.4562,70,FAIL,true,visually verified marker-to-defect correspondence,blue_marker,preliminary_verified,pending_preview_confirmation,no automatic merge; no warp; no coordinate correction
12,12.jpg,12m.jpg,12_spot_002,380.0644,210.4068,50.0,1320,56.6856,70,FAIL,true,visually verified marker-to-defect correspondence,blue_marker,preliminary_verified,pending_preview_confirmation,no automatic merge; no warp; no coordinate correction
12,12.jpg,12m.jpg,12_spot_003,854.5096,287.798,50.0,1307,53.0029,70,FAIL,true,visually verified marker-to-defect correspondence,blue_marker,preliminary_verified,pending_preview_confirmation,no automatic merge; no warp; no coordinate correction
12,12.jpg,12m.jpg,12_spot_004,417.4099,291.3102,39.7053,893,39.7053,70,FAIL,true,visually verified marker-to-defect correspondence,blue_marker,preliminary_verified,pending_preview_confirmation,no automatic merge; no warp; no coordinate correction
12,12.jpg,12m.jpg,12_spot_005,745.7789,298.124,45.3928,1081,45.3928,70,FAIL,true,visually verified marker-to-defect correspondence,blue_marker,preliminary_verified,pending_preview_confirmation,no automatic merge; no warp; no coordinate correction
12,12.jpg,12m.jpg,12_spot_006,494.8556,303.9014,42.4854,1004,42.4854,70,FAIL,true,visually verified marker-to-defect correspondence,blue_marker,preliminary_verified,pending_preview_confirmation,no automatic merge; no warp; no coordinate correction
12,12.jpg,12m.jpg,12_spot_007,1026.4646,387.5028,50.0,1412,62.598,70,FAIL,true,visually verified marker-to-defect correspondence,blue_marker,preliminary_verified,pending_preview_confirmation,no automatic merge; no warp; no coordinate correction
12,12.jpg,12m.jpg,12_spot_008,526.6706,396.1995,50.0,1108,50.2843,70,FAIL,true,visually verified marker-to-defect correspondence,blue_marker,preliminary_verified,pending_preview_confirmation,no automatic merge; no warp; no coordinate correction
12,12.jpg,12m.jpg,12_spot_009,892.4326,409.6547,50.0,1306,55.3201,70,FAIL,true,visually verified marker-to-defect correspondence,blue_marker,preliminary_verified,pending_preview_confirmation,no automatic merge; no warp; no coordinate correction
12,12.jpg,12m.jpg,12_spot_010,372.3572,434.4462,50.0,2055,76.0633,70,FAIL,true,visually verified marker-to-defect correspondence,blue_marker,preliminary_verified,pending_preview_confirmation,no automatic merge; no warp; no coordinate correction
12,12.jpg,12m.jpg,12_spot_011,245.8834,413.4904,40.0781,883,40.0781,70,FAIL,true,visually verified marker-to-defect correspondence,blue_marker,preliminary_verified,pending_preview_confirmation,no automatic merge; no warp; no coordinate correction
12,12.jpg,12m.jpg,12_spot_012,436.4005,493.9365,50.0,1763,74.3002,70,FAIL,true,visually verified marker-to-defect correspondence,blue_marker,preliminary_verified,pending_preview_confirmation,no automatic merge; no warp; no coordinate correction
12,12.jpg,12m.jpg,12_spot_013,752.2431,658.6911,50.0,3694,108.1042,70,FAIL,true,visually verified marker-to-defect correspondence,blue_marker,preliminary_verified,pending_preview_confirmation,no automatic merge; no warp; no coordinate correction
12,12.jpg,12m.jpg,12_spot_014,290.0068,595.1387,26.6731,591,26.6731,70,FAIL,true,visually verified marker-to-defect correspondence,blue_marker,preliminary_verified,pending_preview_confirmation,no automatic merge; no warp; no coordinate correction
12,12.jpg,12m.jpg,12_spot_015,515.6349,651.2482,50.0,1249,53.5293,70,FAIL,true,visually verified marker-to-defect correspondence,blue_marker,preliminary_verified,pending_preview_confirmation,no automatic merge; no warp; no coordinate correction
12,12.jpg,12m.jpg,12_spot_016,915.1116,660.1955,50.0,1371,58.7389,70,FAIL,true,visually verified marker-to-defect correspondence,blue_marker,preliminary_verified,pending_preview_confirmation,no automatic merge; no warp; no coordinate correction
12,12.jpg,12m.jpg,12_spot_017,260.661,637.7815,23.6486,531,23.6486,70,FAIL,true,visually verified marker-to-defect correspondence,blue_marker,preliminary_verified,pending_preview_confirmation,no automatic merge; no warp; no coordinate correction
12,12.jpg,12m.jpg,12_spot_018,1016.9376,684.6879,32.0703,721,32.0703,70,FAIL,true,visually verified marker-to-defect correspondence,blue_marker,preliminary_verified,pending_preview_confirmation,no automatic merge; no warp; no coordinate correction
12,12.jpg,12m.jpg,12_spot_019,130.22,695.5108,27.3383,650,27.3383,70,FAIL,true,visually verified marker-to-defect correspondence,blue_marker,preliminary_verified,pending_preview_confirmation,no automatic merge; no warp; no coordinate correction
12,12.jpg,12m.jpg,12_spot_020,231.357,700.2732,26.6694,549,26.6694,70,FAIL,true,visually verified marker-to-defect correspondence,blue_marker,preliminary_verified,pending_preview_confirmation,no automatic merge; no warp; no coordinate correction
12,12.jpg,12m.jpg,12_spot_021,545.7405,744.6398,47.0572,1152,47.0572,70,FAIL,true,visually verified marker-to-defect correspondence,blue_marker,preliminary_verified,pending_preview_confirmation,no automatic merge; no warp; no coordinate correction
12,12.jpg,12m.jpg,12_spot_022,296.3805,724.6374,33.8679,728,33.8679,70,FAIL,true,visually verified marker-to-defect correspondence,blue_marker,preliminary_verified,pending_preview_confirmation,no automatic merge; no warp; no coordinate correction
12,12.jpg,12m.jpg,12_spot_023,391.8519,738.4042,38.8105,898,38.8105,70,FAIL,true,visually verified marker-to-defect correspondence,blue_marker,preliminary_verified,pending_preview_confirmation,no automatic merge; no warp; no coordinate correction
12,12.jpg,12m.jpg,12_spot_024,953.4633,778.6157,50.0,1660,59.168,70,FAIL,true,visually verified marker-to-defect correspondence,blue_marker,preliminary_verified,pending_preview_confirmation,no automatic merge; no warp; no coordinate correction
12,12.jpg,12m.jpg,12_spot_025,266.6048,792.0891,20.319,539,20.319,70,FAIL,true,visually verified marker-to-defect correspondence,blue_marker,preliminary_verified,pending_preview_confirmation,no automatic merge; no warp; no coordinate correction
12,12.jpg,12m.jpg,12_spot_026,1035.9135,838.9269,50.0,1272,55.754,70,FAIL,true,visually verified marker-to-defect correspondence,blue_marker,preliminary_verified,pending_preview_confirmation,no automatic merge; no warp; no coordinate correction
12,12.jpg,12m.jpg,12_spot_027,237.6394,833.7358,25.8182,685,25.8182,70,FAIL,true,visually verified marker-to-defect correspondence,blue_marker,preliminary_verified,pending_preview_confirmation,no automatic merge; no warp; no coordinate correction
12,12.jpg,12m.jpg,12_spot_028,356.0474,843.6525,35.7964,823,35.7964,70,FAIL,true,visually verified marker-to-defect correspondence,blue_marker,preliminary_verified,pending_preview_confirmation,no automatic merge; no warp; no coordinate correction
12,12.jpg,12m.jpg,12_spot_029,806.9267,861.5927,43.9547,982,43.9547,70,FAIL,true,visually verified marker-to-defect correspondence,blue_marker,preliminary_verified,pending_preview_confirmation,no automatic merge; no warp; no coordinate correction
12,12.jpg,12m.jpg,12_spot_030,180.768,860.335,26.8922,612,26.8922,70,FAIL,true,visually verified marker-to-defect correspondence,blue_marker,preliminary_verified,pending_preview_confirmation,no automatic merge; no warp; no coordinate correction
12,12.jpg,12m.jpg,12_spot_031,529.7645,899.4636,47.8371,1100,47.8371,70,FAIL,true,visually verified marker-to-defect correspondence,blue_marker,preliminary_verified,pending_preview_confirmation,no automatic merge; no warp; no coordinate correction
12,12.jpg,12m.jpg,12_spot_032,162.3089,948.0511,38.295,900,38.295,70,FAIL,true,visually verified marker-to-defect correspondence,blue_marker,preliminary_verified,pending_preview_confirmation,no automatic merge; no warp; no coordinate correction
12,12.jpg,12m.jpg,12_spot_033,279.0389,1018.0339,35.7685,796,35.7685,70,FAIL,true,visually verified marker-to-defect correspondence,blue_marker,preliminary_verified,pending_preview_confirmation,no automatic merge; no warp; no coordinate correction
12,12.jpg,12m.jpg,12_spot_034,482.757,1028.3456,41.0772,1004,41.0772,70,FAIL,true,visually verified marker-to-defect correspondence,blue_marker,preliminary_verified,pending_preview_confirmation,no automatic merge; no warp; no coordinate correction
12,12.jpg,12m.jpg,12_spot_035,601.2382,1045.4309,50.0,1339,57.3194,70,FAIL,true,visually verified marker-to-defect correspondence,blue_marker,preliminary_verified,pending_preview_confirmation,no automatic merge; no warp; no coordinate correction
12,12.jpg,12m.jpg,12_spot_036,57.3466,1093.4313,28.28,779,28.28,70,FAIL,true,visually verified marker-to-defect correspondence,blue_marker,preliminary_verified,pending_preview_confirmation,no automatic merge; no warp; no coordinate correction
12,12.jpg,12m.jpg,12_spot_037,501.8874,1120.8835,50.0,1545,53.5864,70,FAIL,true,visually verified marker-to-defect correspondence,blue_marker,preliminary_verified,pending_preview_confirmation,no automatic merge; no warp; no coordinate correction
12,12.jpg,12m.jpg,12_spot_038,112.0385,1153.7918,32.5961,754,32.5961,70,FAIL,true,visually verified marker-to-defect correspondence,blue_marker,preliminary_verified,pending_preview_confirmation,no automatic merge; no warp; no coordinate correction
12,12.jpg,12m.jpg,12_spot_039,411.8429,1274.136,50.0,1757,71.318,70,FAIL,true,visually verified marker-to-defect correspondence,blue_marker,preliminary_verified,pending_preview_confirmation,no automatic merge; no warp; no coordinate correction
13,13.jpg,13m.jpg,13_spot_001,446.69,418.0231,39.5851,1258,39.5851,90,PASS,true,visually verified marker-to-defect correspondence,blue_marker,preliminary_verified,pending_preview_confirmation,no automatic merge; no warp; no coordinate correction
13,13.jpg,13m.jpg,13_spot_002,727.6362,419.7099,50.0,1358,56.8794,90,PASS,true,visually verified marker-to-defect correspondence,blue_marker,preliminary_verified,pending_preview_confirmation,no automatic merge; no warp; no coordinate correction
13,13.jpg,13m.jpg,13_spot_003,348.9867,452.4727,50.0,1430,60.3843,90,PASS,true,visually verified marker-to-defect correspondence,blue_marker,preliminary_verified,pending_preview_confirmation,no automatic merge; no warp; no coordinate correction
13,13.jpg,13m.jpg,13_spot_004,831.6705,479.6783,33.6806,774,33.6806,90,PASS,true,visually verified marker-to-defect correspondence,blue_marker,preliminary_verified,pending_preview_confirmation,no automatic merge; no warp; no coordinate correction
13,13.jpg,13m.jpg,13_spot_005,965.8995,534.0919,39.1282,925,39.1282,90,PASS,true,visually verified marker-to-defect correspondence,blue_marker,preliminary_verified,pending_preview_confirmation,no automatic merge; no warp; no coordinate correction
13,13.jpg,13m.jpg,13_spot_006,741.8596,544.3807,49.543,1182,49.543,90,PASS,true,visually verified marker-to-defect correspondence,blue_marker,preliminary_verified,pending_preview_confirmation,no automatic merge; no warp; no coordinate correction
13,13.jpg,13m.jpg,13_spot_007,263.8333,537.1487,25.1671,558,25.1671,90,PASS,true,visually verified marker-to-defect correspondence,blue_marker,preliminary_verified,pending_preview_confirmation,no automatic merge; no warp; no coordinate correction
13,13.jpg,13m.jpg,13_spot_008,302.0633,580.168,33.7549,774,33.7549,90,PASS,true,visually verified marker-to-defect correspondence,blue_marker,preliminary_verified,pending_preview_confirmation,no automatic merge; no warp; no coordinate correction
13,13.jpg,13m.jpg,13_spot_009,1065.4222,631.5793,50.0,1350,57.8015,90,PASS,true,visually verified marker-to-defect correspondence,blue_marker,preliminary_verified,pending_preview_confirmation,no automatic merge; no warp; no coordinate correction
13,13.jpg,13m.jpg,13_spot_010,362.3953,664.328,50.0,1247,53.5211,90,PASS,true,visually verified marker-to-defect correspondence,blue_marker,preliminary_verified,pending_preview_confirmation,no automatic merge; no warp; no coordinate correction
13,13.jpg,13m.jpg,13_spot_011,748.6827,671.2064,50.0,1182,52.7377,90,PASS,true,visually verified marker-to-defect correspondence,blue_marker,preliminary_verified,pending_preview_confirmation,no automatic merge; no warp; no coordinate correction
13,13.jpg,13m.jpg,13_spot_012,270.6179,735.0709,29.5297,649,29.5297,90,PASS,true,visually verified marker-to-defect correspondence,blue_marker,preliminary_verified,pending_preview_confirmation,no automatic merge; no warp; no coordinate correction
13,13.jpg,13m.jpg,13_spot_013,612.0359,804.7083,50.0,1505,68.0185,90,PASS,true,visually verified marker-to-defect correspondence,blue_marker,preliminary_verified,pending_preview_confirmation,no automatic merge; no warp; no coordinate correction
13,13.jpg,13m.jpg,13_spot_014,133.301,812.5695,35.847,834,35.847,90,PASS,true,visually verified marker-to-defect correspondence,blue_marker,preliminary_verified,pending_preview_confirmation,no automatic merge; no warp; no coordinate correction
13,13.jpg,13m.jpg,13_spot_015,247.9197,848.5864,41.0762,909,41.0762,90,PASS,true,visually verified marker-to-defect correspondence,blue_marker,preliminary_verified,pending_preview_confirmation,no automatic merge; no warp; no coordinate correction
13,13.jpg,13m.jpg,13_spot_016,1057.273,865.0225,36.0411,846,36.0411,90,PASS,true,visually verified marker-to-defect correspondence,blue_marker,preliminary_verified,pending_preview_confirmation,no automatic merge; no warp; no coordinate correction
13,13.jpg,13m.jpg,13_spot_017,945.4733,987.9895,50.0,1422,58.0905,90,PASS,true,visually verified marker-to-defect correspondence,blue_marker,preliminary_verified,pending_preview_confirmation,no automatic merge; no warp; no coordinate correction
13,13.jpg,13m.jpg,13_spot_018,431.675,1032.7788,50.0,1569,57.3652,90,PASS,true,visually verified marker-to-defect correspondence,blue_marker,preliminary_verified,pending_preview_confirmation,no automatic merge; no warp; no coordinate correction
13,13.jpg,13m.jpg,13_spot_019,220.9401,1123.6676,50.0,1369,58.9174,90,PASS,true,visually verified marker-to-defect correspondence,blue_marker,preliminary_verified,pending_preview_confirmation,no automatic merge; no warp; no coordinate correction
13,13.jpg,13m.jpg,13_spot_020,716.3644,1187.8113,29.4848,848,29.4848,90,PASS,true,visually verified marker-to-defect correspondence,blue_marker,preliminary_verified,pending_preview_confirmation,no automatic merge; no warp; no coordinate correction
14,14.jpg,14m.jpg,14_spot_001,415.2077,151.713,35.6722,756,35.6722,90,PASS,true,visually verified marker-to-defect correspondence,blue_marker,preliminary_verified,pending_preview_confirmation,no automatic merge; no warp; no coordinate correction
14,14.jpg,14m.jpg,14_spot_002,620.9769,161.2953,38.8492,867,38.8492,90,PASS,true,visually verified marker-to-defect correspondence,blue_marker,preliminary_verified,pending_preview_confirmation,no automatic merge; no warp; no coordinate correction
14,14.jpg,14m.jpg,14_spot_003,594.7809,280.7342,50.0,1264,54.2334,90,PASS,true,visually verified marker-to-defect correspondence,blue_marker,preliminary_verified,pending_preview_confirmation,no automatic merge; no warp; no coordinate correction
14,14.jpg,14m.jpg,14_spot_004,427.5511,370.804,42.0358,1087,42.0358,90,PASS,true,visually verified marker-to-defect correspondence,blue_marker,preliminary_verified,pending_preview_confirmation,no automatic merge; no warp; no coordinate correction
14,14.jpg,14m.jpg,14_spot_005,790.619,423.1265,43.2362,1202,43.2362,90,PASS,true,visually verified marker-to-defect correspondence,blue_marker,preliminary_verified,pending_preview_confirmation,no automatic merge; no warp; no coordinate correction
14,14.jpg,14m.jpg,14_spot_006,712.7548,512.4418,39.6549,885,39.6549,90,PASS,true,visually verified marker-to-defect correspondence,blue_marker,preliminary_verified,pending_preview_confirmation,no automatic merge; no warp; no coordinate correction
14,14.jpg,14m.jpg,14_spot_007,481.9663,550.9483,33.4499,889,33.4499,90,PASS,true,visually verified marker-to-defect correspondence,blue_marker,preliminary_verified,pending_preview_confirmation,no automatic merge; no warp; no coordinate correction
14,14.jpg,14m.jpg,14_spot_008,593.5901,593.7904,29.6017,649,29.6017,90,PASS,true,visually verified marker-to-defect correspondence,blue_marker,preliminary_verified,pending_preview_confirmation,no automatic merge; no warp; no coordinate correction
14,14.jpg,14m.jpg,14_spot_009,801.009,693.4363,50.0,2331,64.042,90,PASS,true,visually verified marker-to-defect correspondence,blue_marker,preliminary_verified,pending_preview_confirmation,no automatic merge; no warp; no coordinate correction
14,14.jpg,14m.jpg,14_spot_010,675.6866,763.6199,44.6375,1005,44.6375,90,PASS,true,visually verified marker-to-defect correspondence,blue_marker,preliminary_verified,pending_preview_confirmation,no automatic merge; no warp; no coordinate correction
14,14.jpg,14m.jpg,14_spot_011,773.6749,956.1805,41.1851,975,41.1851,90,PASS,true,visually verified marker-to-defect correspondence,blue_marker,preliminary_verified,pending_preview_confirmation,no automatic merge; no warp; no coordinate correction
14,14.jpg,14m.jpg,14_spot_012,253.8396,967.8062,42.1946,929,42.1946,90,PASS,true,visually verified marker-to-defect correspondence,blue_marker,preliminary_verified,pending_preview_confirmation,no automatic merge; no warp; no coordinate correction
14,14.jpg,14m.jpg,14_spot_013,327.0893,1059.1438,50.0,1210,54.8863,90,PASS,true,visually verified marker-to-defect correspondence,blue_marker,preliminary_verified,pending_preview_confirmation,no automatic merge; no warp; no coordinate correction
14,14.jpg,14m.jpg,14_spot_014,490.2529,1074.507,34.9861,783,34.9861,90,PASS,true,visually verified marker-to-defect correspondence,blue_marker,preliminary_verified,pending_preview_confirmation,no automatic merge; no warp; no coordinate correction
14,14.jpg,14m.jpg,14_spot_015,826.1259,1129.8084,43.9091,1096,43.9091,90,PASS,true,visually verified marker-to-defect correspondence,blue_marker,preliminary_verified,pending_preview_confirmation,no automatic merge; no warp; no coordinate correction
15,15.jpg,15m.jpg,15_spot_001,481.4228,28.7121,38.5137,719,38.5137,80,PASS,true,visually verified marker-to-defect correspondence,blue_marker,preliminary_verified,pending_preview_confirmation,no automatic merge; no warp; no coordinate correction
15,15.jpg,15m.jpg,15_spot_002,686.7701,57.977,49.8228,1218,49.8228,80,PASS,true,visually verified marker-to-defect correspondence,blue_marker,preliminary_verified,pending_preview_confirmation,no automatic merge; no warp; no coordinate correction
15,15.jpg,15m.jpg,15_spot_003,275.4987,97.7208,50.0,1139,51.793,80,PASS,true,visually verified marker-to-defect correspondence,blue_marker,preliminary_verified,pending_preview_confirmation,no automatic merge; no warp; no coordinate correction
15,15.jpg,15m.jpg,15_spot_004,359.1785,149.6935,33.8915,930,33.8915,80,PASS,true,visually verified marker-to-defect correspondence,blue_marker,preliminary_verified,pending_preview_confirmation,no automatic merge; no warp; no coordinate correction
15,15.jpg,15m.jpg,15_spot_005,286.9252,209.6366,42.8734,1230,42.8734,80,PASS,true,visually verified marker-to-defect correspondence,blue_marker,preliminary_verified,pending_preview_confirmation,no automatic merge; no warp; no coordinate correction
15,15.jpg,15m.jpg,15_spot_006,379.3169,260.852,43.0466,1054,43.0466,80,PASS,true,visually verified marker-to-defect correspondence,blue_marker,preliminary_verified,pending_preview_confirmation,no automatic merge; no warp; no coordinate correction
15,15.jpg,15m.jpg,15_spot_007,298.7993,301.4166,33.4917,917,33.4917,80,PASS,true,visually verified marker-to-defect correspondence,blue_marker,preliminary_verified,pending_preview_confirmation,no automatic merge; no warp; no coordinate correction
15,15.jpg,15m.jpg,15_spot_008,868.5441,325.2893,50.0,2575,93.5199,80,PASS,true,visually verified marker-to-defect correspondence,blue_marker,preliminary_verified,pending_preview_confirmation,no automatic merge; no warp; no coordinate correction
15,15.jpg,15m.jpg,15_spot_009,125.0661,330.4932,45.277,1105,45.277,80,PASS,true,visually verified marker-to-defect correspondence,blue_marker,preliminary_verified,pending_preview_confirmation,no automatic merge; no warp; no coordinate correction
15,15.jpg,15m.jpg,15_spot_010,723.0068,495.2543,47.8686,1172,47.8686,80,PASS,true,visually verified marker-to-defect correspondence,blue_marker,preliminary_verified,pending_preview_confirmation,no automatic merge; no warp; no coordinate correction
15,15.jpg,15m.jpg,15_spot_011,203.8791,546.3707,43.6164,1017,43.6164,80,PASS,true,visually verified marker-to-defect correspondence,blue_marker,preliminary_verified,pending_preview_confirmation,no automatic merge; no warp; no coordinate correction
15,15.jpg,15m.jpg,15_spot_012,471.741,624.4252,50.0,1691,66.9805,80,PASS,true,visually verified marker-to-defect correspondence,blue_marker,preliminary_verified,pending_preview_confirmation,no automatic merge; no warp; no coordinate correction
15,15.jpg,15m.jpg,15_spot_013,136.0622,652.9323,45.1196,1286,45.1196,80,PASS,true,visually verified marker-to-defect correspondence,blue_marker,preliminary_verified,pending_preview_confirmation,no automatic merge; no warp; no coordinate correction
15,15.jpg,15m.jpg,15_spot_014,553.6555,685.8803,50.0,1228,50.2495,80,PASS,true,visually verified marker-to-defect correspondence,blue_marker,preliminary_verified,pending_preview_confirmation,no automatic merge; no warp; no coordinate correction
15,15.jpg,15m.jpg,15_spot_015,316.0809,697.763,45.277,1038,45.277,80,PASS,true,visually verified marker-to-defect correspondence,blue_marker,preliminary_verified,pending_preview_confirmation,no automatic merge; no warp; no coordinate correction
15,15.jpg,15m.jpg,15_spot_016,852.7354,773.9557,50.0,1829,74.8616,80,PASS,true,visually verified marker-to-defect correspondence,blue_marker,preliminary_verified,pending_preview_confirmation,no automatic merge; no warp; no coordinate correction
15,15.jpg,15m.jpg,15_spot_017,40.734,759.3781,34.085,1034,34.085,80,PASS,true,visually verified marker-to-defect correspondence,blue_marker,preliminary_verified,pending_preview_confirmation,no automatic merge; no warp; no coordinate correction
15,15.jpg,15m.jpg,15_spot_018,343.3337,774.0826,39.7809,932,39.7809,80,PASS,true,visually verified marker-to-defect correspondence,blue_marker,preliminary_verified,pending_preview_confirmation,no automatic merge; no warp; no coordinate correction
15,15.jpg,15m.jpg,15_spot_019,159.5333,795.5376,35.6091,932,35.6091,80,PASS,true,visually verified marker-to-defect correspondence,blue_marker,preliminary_verified,pending_preview_confirmation,no automatic merge; no warp; no coordinate correction
15,15.jpg,15m.jpg,15_spot_020,383.6569,913.7642,48.5117,1090,48.5117,80,PASS,true,visually verified marker-to-defect correspondence,blue_marker,preliminary_verified,pending_preview_confirmation,no automatic merge; no warp; no coordinate correction
15,15.jpg,15m.jpg,15_spot_021,529.517,983.1433,50.0,1528,70.0804,80,PASS,true,visually verified marker-to-defect correspondence,blue_marker,preliminary_verified,pending_preview_confirmation,no automatic merge; no warp; no coordinate correction
15,15.jpg,15m.jpg,15_spot_022,896.5323,1026.9984,50.0,2506,93.2806,80,PASS,true,visually verified marker-to-defect correspondence,blue_marker,preliminary_verified,pending_preview_confirmation,no automatic merge; no warp; no coordinate correction
15,15.jpg,15m.jpg,15_spot_023,668.1851,998.3672,50.0,1291,54.8853,80,PASS,true,visually verified marker-to-defect correspondence,blue_marker,preliminary_verified,pending_preview_confirmation,no automatic merge; no warp; no coordinate correction
15,15.jpg,15m.jpg,15_spot_024,590.1288,1121.4078,50.0,1312,58.0216,80,PASS,true,visually verified marker-to-defect correspondence,blue_marker,preliminary_verified,pending_preview_confirmation,no automatic merge; no warp; no coordinate correction
