fold_id,outer_test_image_id,inner_validation_image_id,threshold,validation_precision_dirty_positive,validation_recall_dirty_positive,validation_f1_dirty_positive,eligible_by_precision_rule,selected,selection_reason
1,1,2,0.10,0.90502793,0.98780488,0.94460641,true,false,
1,1,2,0.15,0.92045455,0.98780488,0.95294118,true,false,
1,1,2,0.20,0.94186047,0.98780488,0.96428571,true,true,"precision>=0.80; selected highest recall, tie closest to 0.50"
1,1,2,0.25,0.94545455,0.95121951,0.94832827,true,false,
1,1,2,0.30,0.95652174,0.93902439,0.94769231,true,false,
1,1,2,0.35,0.97419355,0.92073171,0.94670846,true,false,
1,1,2,0.40,0.98051948,0.92073171,0.94968553,true,false,
1,1,2,0.45,0.98666667,0.90243902,0.94267516,true,false,
1,1,2,0.50,0.99324324,0.89634146,0.94230769,true,false,
1,1,2,0.55,0.99319728,0.89024390,0.93890675,true,false,
1,1,2,0.60,1.00000000,0.88414634,0.93851133,true,false,
1,1,2,0.65,1.00000000,0.84146341,0.91390728,true,false,
1,1,2,0.70,1.00000000,0.80487805,0.89189189,true,false,
1,1,2,0.75,1.00000000,0.78658537,0.88054608,true,false,
1,1,2,0.80,1.00000000,0.72560976,0.84098940,true,false,
1,1,2,0.85,1.00000000,0.67073171,0.80291971,true,false,
1,1,2,0.90,1.00000000,0.54268293,0.70355731,true,false,
2,2,3,0.10,0.57641921,1.00000000,0.73130194,false,false,
2,2,3,0.15,0.58407080,1.00000000,0.73743017,false,false,
2,2,3,0.20,0.59090909,0.98484848,0.73863636,false,false,
2,2,3,0.25,0.59907834,0.98484848,0.74498567,false,false,
2,2,3,0.30,0.60465116,0.98484848,0.74927954,false,false,
2,2,3,0.35,0.61032864,0.98484848,0.75362319,false,false,
2,2,3,0.40,0.61611374,0.98484848,0.75801749,false,false,
2,2,3,0.45,0.62500000,0.98484848,0.76470588,false,false,
2,2,3,0.50,0.64039409,0.98484848,0.77611940,false,false,
2,2,3,0.55,0.65306122,0.96969697,0.78048780,false,false,
2,2,3,0.60,0.67553191,0.96212121,0.79375000,false,false,
2,2,3,0.65,0.71839080,0.94696970,0.81699346,false,false,
2,2,3,0.70,0.77358491,0.93181818,0.84536082,false,false,
2,2,3,0.75,0.81756757,0.91666667,0.86428571,true,true,"precision>=0.80; selected highest recall, tie closest to 0.50"
2,2,3,0.80,0.85820896,0.87121212,0.86466165,true,false,
2,2,3,0.85,0.88281250,0.85606061,0.86923077,true,false,
2,2,3,0.90,0.88888889,0.78787879,0.83534137,true,false,
3,3,4,0.10,0.29090909,0.95238095,0.44568245,false,false,
3,3,4,0.15,0.30384615,0.94047619,0.45930233,false,false,
3,3,4,0.20,0.31726908,0.94047619,0.47447447,false,false,
3,3,4,0.25,0.33617021,0.94047619,0.49529781,false,false,
3,3,4,0.30,0.34361233,0.92857143,0.50160772,false,false,
3,3,4,0.35,0.35648148,0.91666667,0.51333333,false,false,
3,3,4,0.40,0.36893204,0.90476190,0.52413793,false,false,
3,3,4,0.45,0.37563452,0.88095238,0.52669039,false,false,
3,3,4,0.50,0.37894737,0.85714286,0.52554745,false,false,
3,3,4,0.55,0.39344262,0.85714286,0.53932584,false,false,
3,3,4,0.60,0.40112994,0.84523810,0.54406130,false,false,
3,3,4,0.65,0.41916168,0.83333333,0.55776892,false,false,
3,3,4,0.70,0.43790850,0.79761905,0.56540084,false,true,fallback: no threshold met precision>=0.80; selected highest validation F1
3,3,4,0.75,0.44444444,0.76190476,0.56140351,false,false,
3,3,4,0.80,0.43939394,0.69047619,0.53703704,false,false,
3,3,4,0.85,0.48148148,0.61904762,0.54166667,false,false,
3,3,4,0.90,0.52941176,0.53571429,0.53254438,false,false,
4,4,5,0.10,0.68115942,0.94000000,0.78991597,false,false,
4,4,5,0.15,0.75206612,0.91000000,0.82352941,false,false,
4,4,5,0.20,0.77477477,0.86000000,0.81516588,false,false,
4,4,5,0.25,0.83673469,0.82000000,0.82828283,true,true,"precision>=0.80; selected highest recall, tie closest to 0.50"
4,4,5,0.30,0.84210526,0.80000000,0.82051282,true,false,
4,4,5,0.35,0.88372093,0.76000000,0.81720430,true,false,
4,4,5,0.40,0.93670886,0.74000000,0.82681564,true,false,
4,4,5,0.45,0.96052632,0.73000000,0.82954545,true,false,
4,4,5,0.50,0.95833333,0.69000000,0.80232558,true,false,
4,4,5,0.55,0.97142857,0.68000000,0.80000000,true,false,
4,4,5,0.60,1.00000000,0.67000000,0.80239521,true,false,
4,4,5,0.65,1.00000000,0.64000000,0.78048780,true,false,
4,4,5,0.70,1.00000000,0.60000000,0.75000000,true,false,
4,4,5,0.75,1.00000000,0.52000000,0.68421053,true,false,
4,4,5,0.80,1.00000000,0.47000000,0.63945578,true,false,
4,4,5,0.85,1.00000000,0.43000000,0.60139860,true,false,
4,4,5,0.90,1.00000000,0.31000000,0.47328244,true,false,
5,5,6,0.10,0.26637555,0.89705882,0.41077441,false,false,
5,5,6,0.15,0.28638498,0.89705882,0.43416370,false,false,
5,5,6,0.20,0.30102041,0.86764706,0.44696970,false,false,
5,5,6,0.25,0.31666667,0.83823529,0.45967742,false,false,
5,5,6,0.30,0.34355828,0.82352941,0.48484848,false,false,
5,5,6,0.35,0.37062937,0.77941176,0.50236967,false,false,
5,5,6,0.40,0.40163934,0.72058824,0.51578947,false,false,
5,5,6,0.45,0.42452830,0.66176471,0.51724138,false,false,
5,5,6,0.50,0.49397590,0.60294118,0.54304636,false,false,
5,5,6,0.55,0.57352941,0.57352941,0.57352941,false,false,
5,5,6,0.60,0.59649123,0.50000000,0.54400000,false,false,
5,5,6,0.65,0.70833333,0.50000000,0.58620690,false,false,
5,5,6,0.70,0.71739130,0.48529412,0.57894737,false,false,
5,5,6,0.75,0.84615385,0.48529412,0.61682243,true,true,"precision>=0.80; selected highest recall, tie closest to 0.50"
5,5,6,0.80,0.94285714,0.48529412,0.64077670,true,false,
5,5,6,0.85,0.93548387,0.42647059,0.58585859,true,false,
5,5,6,0.90,1.00000000,0.39705882,0.56842105,true,false,
6,6,7,0.10,0.76056338,1.00000000,0.86400000,false,false,
6,6,7,0.15,0.81679389,0.99074074,0.89539749,true,false,
6,6,7,0.20,0.84920635,0.99074074,0.91452991,true,false,
6,6,7,0.25,0.89166667,0.99074074,0.93859649,true,true,"precision>=0.80; selected highest recall, tie closest to 0.50"
6,6,7,0.30,0.89743590,0.97222222,0.93333333,true,false,
6,6,7,0.35,0.90350877,0.95370370,0.92792793,true,false,
6,6,7,0.40,0.92727273,0.94444444,0.93577982,true,false,
6,6,7,0.45,0.95192308,0.91666667,0.93396226,true,false,
6,6,7,0.50,0.97872340,0.85185185,0.91089109,true,false,
6,6,7,0.55,0.97777778,0.81481481,0.88888889,true,false,
6,6,7,0.60,0.98765432,0.74074074,0.84656085,true,false,
6,6,7,0.65,1.00000000,0.68518519,0.81318681,true,false,
6,6,7,0.70,1.00000000,0.67592593,0.80662983,true,false,
6,6,7,0.75,1.00000000,0.63888889,0.77966102,true,false,
6,6,7,0.80,1.00000000,0.59259259,0.74418605,true,false,
6,6,7,0.85,1.00000000,0.52777778,0.69090909,true,false,
6,6,7,0.90,1.00000000,0.45370370,0.62420382,true,false,
7,7,8,0.10,0.44242424,0.91250000,0.59591837,false,false,
7,7,8,0.15,0.45333333,0.85000000,0.59130435,false,false,
7,7,8,0.20,0.50000000,0.80000000,0.61538462,false,false,
7,7,8,0.25,0.51724138,0.75000000,0.61224490,false,false,
7,7,8,0.30,0.53636364,0.73750000,0.62105263,false,false,
7,7,8,0.35,0.54807692,0.71250000,0.61956522,false,false,
7,7,8,0.40,0.55102041,0.67500000,0.60674157,false,false,
7,7,8,0.45,0.60227273,0.66250000,0.63095238,false,false,
7,7,8,0.50,0.61904762,0.65000000,0.63414634,false,false,
7,7,8,0.55,0.62962963,0.63750000,0.63354037,false,false,
7,7,8,0.60,0.63636364,0.61250000,0.62420382,false,false,
7,7,8,0.65,0.66216216,0.61250000,0.63636364,false,true,fallback: no threshold met precision>=0.80; selected highest validation F1
7,7,8,0.70,0.63768116,0.55000000,0.59060403,false,false,
7,7,8,0.75,0.63076923,0.51250000,0.56551724,false,false,
7,7,8,0.80,0.66101695,0.48750000,0.56115108,false,false,
7,7,8,0.85,0.66666667,0.42500000,0.51908397,false,false,
7,7,8,0.90,0.60000000,0.30000000,0.40000000,false,false,
8,8,9,0.10,0.46938776,0.88461538,0.61333333,false,false,
8,8,9,0.15,0.52500000,0.80769231,0.63636364,false,false,
8,8,9,0.20,0.55555556,0.67307692,0.60869565,false,false,
8,8,9,0.25,0.64705882,0.63461538,0.64077670,false,false,
8,8,9,0.30,0.80000000,0.53846154,0.64367816,true,true,"precision>=0.80; selected highest recall, tie closest to 0.50"
8,8,9,0.35,0.89655172,0.50000000,0.64197531,true,false,
8,8,9,0.40,0.92307692,0.46153846,0.61538462,true,false,
8,8,9,0.45,0.92000000,0.44230769,0.59740260,true,false,
8,8,9,0.50,0.92000000,0.44230769,0.59740260,true,false,
8,8,9,0.55,0.95833333,0.44230769,0.60526316,true,false,
8,8,9,0.60,0.95833333,0.44230769,0.60526316,true,false,
8,8,9,0.65,1.00000000,0.44230769,0.61333333,true,false,
8,8,9,0.70,1.00000000,0.42307692,0.59459459,true,false,
8,8,9,0.75,1.00000000,0.38461538,0.55555556,true,false,
8,8,9,0.80,1.00000000,0.36538462,0.53521127,true,false,
8,8,9,0.85,1.00000000,0.30769231,0.47058824,true,false,
8,8,9,0.90,1.00000000,0.23076923,0.37500000,true,false,
9,9,10,0.10,0.54482759,0.98750000,0.70222222,false,false,
9,9,10,0.15,0.58955224,0.98750000,0.73831776,false,false,
9,9,10,0.20,0.61904762,0.97500000,0.75728155,false,false,
9,9,10,0.25,0.66371681,0.93750000,0.77720207,false,false,
9,9,10,0.30,0.68627451,0.87500000,0.76923077,false,false,
9,9,10,0.35,0.70707071,0.87500000,0.78212291,false,false,
9,9,10,0.40,0.70212766,0.82500000,0.75862069,false,false,
9,9,10,0.45,0.70786517,0.78750000,0.74556213,false,false,
9,9,10,0.50,0.75000000,0.75000000,0.75000000,false,false,
9,9,10,0.55,0.78666667,0.73750000,0.76129032,false,false,
9,9,10,0.60,0.80000000,0.70000000,0.74666667,true,true,"precision>=0.80; selected highest recall, tie closest to 0.50"
9,9,10,0.65,0.83076923,0.67500000,0.74482759,true,false,
9,9,10,0.70,0.83606557,0.63750000,0.72340426,true,false,
9,9,10,0.75,0.84905660,0.56250000,0.67669173,true,false,
9,9,10,0.80,0.84782609,0.48750000,0.61904762,true,false,
9,9,10,0.85,0.82051282,0.40000000,0.53781513,true,false,
9,9,10,0.90,0.81481481,0.27500000,0.41121495,true,false,
10,10,11,0.10,0.76282051,0.95967742,0.85000000,false,false,
10,10,11,0.15,0.76129032,0.95161290,0.84587814,false,false,
10,10,11,0.20,0.76470588,0.94354839,0.84476534,false,false,
10,10,11,0.25,0.76315789,0.93548387,0.84057971,false,false,
10,10,11,0.30,0.78378378,0.93548387,0.85294118,false,false,
10,10,11,0.35,0.77931034,0.91129032,0.84014870,false,false,
10,10,11,0.40,0.79577465,0.91129032,0.84962406,false,false,
10,10,11,0.45,0.81159420,0.90322581,0.85496183,true,true,"precision>=0.80; selected highest recall, tie closest to 0.50"
10,10,11,0.50,0.84496124,0.87903226,0.86166008,true,false,
10,10,11,0.55,0.86991870,0.86290323,0.86639676,true,false,
10,10,11,0.60,0.89915966,0.86290323,0.88065844,true,false,
10,10,11,0.65,0.92857143,0.83870968,0.88135593,true,false,
10,10,11,0.70,0.94285714,0.79838710,0.86462882,true,false,
10,10,11,0.75,0.96000000,0.77419355,0.85714286,true,false,
10,10,11,0.80,0.98958333,0.76612903,0.86363636,true,false,
10,10,11,0.85,1.00000000,0.70967742,0.83018868,true,false,
10,10,11,0.90,1.00000000,0.62903226,0.77227723,true,false,
11,11,12,0.10,0.83870968,1.00000000,0.91228070,true,false,
11,11,12,0.15,0.85245902,1.00000000,0.92035398,true,false,
11,11,12,0.20,0.88636364,1.00000000,0.93975904,true,true,"precision>=0.80; selected highest recall, tie closest to 0.50"
11,11,12,0.25,0.88571429,0.99358974,0.93655589,true,false,
11,11,12,0.30,0.88505747,0.98717949,0.93333333,true,false,
11,11,12,0.35,0.88439306,0.98076923,0.93009119,true,false,
11,11,12,0.40,0.88953488,0.98076923,0.93292683,true,false,
11,11,12,0.45,0.89880952,0.96794872,0.93209877,true,false,
11,11,12,0.50,0.89820359,0.96153846,0.92879257,true,false,
11,11,12,0.55,0.90797546,0.94871795,0.92789969,true,false,
11,11,12,0.60,0.90625000,0.92948718,0.91772152,true,false,
11,11,12,0.65,0.91025641,0.91025641,0.91025641,true,false,
11,11,12,0.70,0.90666667,0.87179487,0.88888889,true,false,
11,11,12,0.75,0.91549296,0.83333333,0.87248322,true,false,
11,11,12,0.80,0.90839695,0.76282051,0.82926829,true,false,
11,11,12,0.85,0.92436975,0.70512821,0.80000000,true,false,
11,11,12,0.90,1.00000000,0.60256410,0.75200000,true,false,
12,12,13,0.10,0.71428571,0.93750000,0.81081081,false,false,
12,12,13,0.15,0.77083333,0.92500000,0.84090909,false,false,
12,12,13,0.20,0.83146067,0.92500000,0.87573964,true,true,"precision>=0.80; selected highest recall, tie closest to 0.50"
12,12,13,0.25,0.86904762,0.91250000,0.89024390,true,false,
12,12,13,0.30,0.90000000,0.90000000,0.90000000,true,false,
12,12,13,0.35,0.92307692,0.90000000,0.91139241,true,false,
12,12,13,0.40,0.93506494,0.90000000,0.91719745,true,false,
12,12,13,0.45,0.93506494,0.90000000,0.91719745,true,false,
12,12,13,0.50,0.94594595,0.87500000,0.90909091,true,false,
12,12,13,0.55,0.94520548,0.86250000,0.90196078,true,false,
12,12,13,0.60,0.94366197,0.83750000,0.88741722,true,false,
12,12,13,0.65,0.94117647,0.80000000,0.86486486,true,false,
12,12,13,0.70,0.93846154,0.76250000,0.84137931,true,false,
12,12,13,0.75,0.94444444,0.63750000,0.76119403,true,false,
12,12,13,0.80,0.95918367,0.58750000,0.72868217,true,false,
12,12,13,0.85,0.95652174,0.55000000,0.69841270,true,false,
12,12,13,0.90,1.00000000,0.46250000,0.63247863,true,false,
13,13,14,0.10,0.37931034,0.91666667,0.53658537,false,false,
13,13,14,0.15,0.41044776,0.91666667,0.56701031,false,false,
13,13,14,0.20,0.43902439,0.90000000,0.59016393,false,false,
13,13,14,0.25,0.47747748,0.88333333,0.61988304,false,false,
13,13,14,0.30,0.50961538,0.88333333,0.64634146,false,false,
13,13,14,0.35,0.59090909,0.86666667,0.70270270,false,false,
13,13,14,0.40,0.64197531,0.86666667,0.73758865,false,false,
13,13,14,0.45,0.70422535,0.83333333,0.76335878,false,false,
13,13,14,0.50,0.72307692,0.78333333,0.75200000,false,false,
13,13,14,0.55,0.80357143,0.75000000,0.77586207,true,true,"precision>=0.80; selected highest recall, tie closest to 0.50"
13,13,14,0.60,0.87500000,0.70000000,0.77777778,true,false,
13,13,14,0.65,0.88888889,0.66666667,0.76190476,true,false,
13,13,14,0.70,0.90697674,0.65000000,0.75728155,true,false,
13,13,14,0.75,0.97500000,0.65000000,0.78000000,true,false,
13,13,14,0.80,0.97222222,0.58333333,0.72916667,true,false,
13,13,14,0.85,0.97058824,0.55000000,0.70212766,true,false,
13,13,14,0.90,1.00000000,0.41666667,0.58823529,true,false,
14,14,15,0.10,0.56886228,0.98958333,0.72243346,false,false,
14,14,15,0.15,0.59375000,0.98958333,0.74218750,false,false,
14,14,15,0.20,0.59354839,0.95833333,0.73306773,false,false,
14,14,15,0.25,0.61073826,0.94791667,0.74285714,false,false,
14,14,15,0.30,0.60958904,0.92708333,0.73553719,false,false,
14,14,15,0.35,0.62857143,0.91666667,0.74576271,false,false,
14,14,15,0.40,0.64233577,0.91666667,0.75536481,false,false,
14,14,15,0.45,0.65413534,0.90625000,0.75982533,false,false,
14,14,15,0.50,0.66666667,0.89583333,0.76444444,false,false,
14,14,15,0.55,0.70247934,0.88541667,0.78341014,false,false,
14,14,15,0.60,0.70588235,0.87500000,0.78139535,false,false,
14,14,15,0.65,0.69827586,0.84375000,0.76415094,false,false,
14,14,15,0.70,0.72321429,0.84375000,0.77884615,false,false,
14,14,15,0.75,0.74074074,0.83333333,0.78431373,false,false,
14,14,15,0.80,0.79591837,0.81250000,0.80412371,false,false,
14,14,15,0.85,0.82954545,0.76041667,0.79347826,true,true,"precision>=0.80; selected highest recall, tie closest to 0.50"
14,14,15,0.90,0.86956522,0.62500000,0.72727273,true,false,
15,15,1,0.10,0.51075269,0.91346154,0.65517241,false,false,
15,15,1,0.15,0.52571429,0.88461538,0.65949821,false,true,fallback: no threshold met precision>=0.80; selected highest validation F1
15,15,1,0.20,0.53374233,0.83653846,0.65168539,false,false,
15,15,1,0.25,0.56081081,0.79807692,0.65873016,false,false,
15,15,1,0.30,0.58208955,0.75000000,0.65546218,false,false,
15,15,1,0.35,0.57600000,0.69230769,0.62882096,false,false,
15,15,1,0.40,0.59504132,0.69230769,0.64000000,false,false,
15,15,1,0.45,0.61403509,0.67307692,0.64220183,false,false,
15,15,1,0.50,0.62037037,0.64423077,0.63207547,false,false,
15,15,1,0.55,0.63725490,0.62500000,0.63106796,false,false,
15,15,1,0.60,0.67391304,0.59615385,0.63265306,false,false,
15,15,1,0.65,0.69879518,0.55769231,0.62032086,false,false,
15,15,1,0.70,0.70731707,0.55769231,0.62365591,false,false,
15,15,1,0.75,0.68421053,0.50000000,0.57777778,false,false,
15,15,1,0.80,0.66666667,0.42307692,0.51764706,false,false,
15,15,1,0.85,0.66666667,0.40384615,0.50299401,false,false,
15,15,1,0.90,0.65517241,0.36538462,0.46913580,false,false,
