image_id,spot_id,x_center,y_center,bbox_x,bbox_y,bbox_width,bbox_height,component_area,equivalent_circle_radius,enclosing_circle_radius,nearest_neighbor_distance,source_marked_image
1,1_spot_001,706.844,158.7034,694,146,27,27,327,10.2023,14.5389,84.7911,1m.jpg
1,1_spot_002,304.9535,209.1495,279,183,53,53,709,15.0227,31.518,256.0287,1m.jpg
1,1_spot_003,768.5246,216.8845,742,185,54,65,814,16.0967,34.558,84.7911,1m.jpg
1,1_spot_004,685.8416,385.6637,665,365,42,43,562,13.375,21.1275,120.2522,1m.jpg
1,1_spot_005,159.0787,419.5569,146,406,27,28,343,10.4489,15.4072,71.6809,1m.jpg
1,1_spot_006,774.0578,467.3857,746,439,57,57,796,15.9177,32.348,76.3541,1m.jpg
1,1_spot_007,202.2246,476.7983,177,451,52,53,699,14.9164,30.812,71.6809,1m.jpg
1,1_spot_008,820.167,528.2453,799,507,43,43,587,13.6692,24.9099,76.3541,1m.jpg
1,1_spot_009,168.5717,577.3415,151,556,36,44,530,12.9886,23.088,88.7451,1m.jpg
1,1_spot_010,587.3617,666.6928,544,624,87,86,1211,19.6335,49.6237,251.1648,1m.jpg
1,1_spot_011,196.7041,661.5095,174,638,47,47,632,14.1835,27.4114,88.7451,1m.jpg
1,1_spot_012,833.195,718.1686,811,696,45,45,605,13.8772,25.2466,190.3696,1m.jpg
1,1_spot_013,388.0248,952.0295,357,921,63,63,847,16.4198,31.7806,58.1363,1m.jpg
1,1_spot_014,361.265,1003.641,340,982,44,45,585,13.6459,22.229,58.1363,1m.jpg
1,1_spot_015,110.7949,1016.9316,86,991,52,52,746,15.4097,26.0991,95.9702,1m.jpg
1,1_spot_016,968.445,1086.3263,939,1061,59,52,809,16.0472,30.9557,227.5155,1m.jpg
1,1_spot_017,120.0791,1112.4516,94,1086,54,54,733,15.2749,30.6106,68.1601,1m.jpg
1,1_spot_018,529.9623,1137.1119,501,1108,59,59,822,16.1756,34.7708,160.3722,1m.jpg
1,1_spot_019,189.2399,1150.0257,158,1124,64,53,817,16.1264,34.3002,78.7085,1m.jpg
1,1_spot_020,316.6099,1166.2399,294,1150,46,34,546,13.1832,23.2864,60.4226,1m.jpg
1,1_spot_021,96.6929,1176.4743,70,1153,54,47,700,14.9271,28.0402,68.1601,1m.jpg
1,1_spot_022,293.8382,1222.2072,263,1190,62,66,1057,18.3427,37.6432,60.4226,1m.jpg
1,1_spot_023,391.9656,1218.8197,370,1197,45,44,610,13.9345,25.8724,91.8865,1m.jpg
1,1_spot_024,810.0536,1249.6525,791,1230,39,40,541,13.1227,19.9677,227.5155,1m.jpg
1,1_spot_025,144.801,1272.4466,119,1241,53,63,824,16.1953,33.361,107.355,1m.jpg
1,1_spot_026,479.9358,1392.0663,432,1354,93,77,1432,21.3499,53.4159,194.3017,1m.jpg
2,2_spot_001,357.3391,276.6589,334,240,47,76,988,17.7339,38.0593,149.451,2m.jpg
2,2_spot_002,1025.7128,272.7787,1003,253,46,41,592,13.7273,24.4429,154.451,2m.jpg
2,2_spot_003,659.6264,285.2903,633,259,55,54,720,15.1388,27.1184,71.1719,2m.jpg
2,2_spot_004,504.5433,302.4759,480,273,49,60,727,15.2122,32.0703,63.5501,2m.jpg
2,2_spot_005,560.0361,337.0228,542,315,36,45,527,12.9518,22.8058,59.9039,2m.jpg
2,2_spot_006,885.6236,337.8182,862,319,48,39,550,13.2314,25.9857,141.3607,2m.jpg
2,2_spot_007,632.8337,351.2266,603,321,61,61,812,16.0769,30.2267,71.1719,2m.jpg
2,2_spot_008,507.5813,365.9533,480,344,56,45,664,14.5381,29.6017,59.9039,2m.jpg
2,2_spot_009,564.1149,450.3409,544,431,41,40,531,13.0009,20.3411,101.5742,2m.jpg
2,2_spot_010,161.1794,457.9058,146,440,32,38,446,11.915,19.9864,119.591,2m.jpg
2,2_spot_011,903.5939,478.032,878,452,52,52,687,14.7878,29.5192,98.4518,2m.jpg
2,2_spot_012,1007.8271,542.9944,988,523,41,41,532,13.0131,23.2031,59.54,2m.jpg
2,2_spot_013,952.0218,563.7495,931,543,43,43,551,13.2434,21.3078,59.54,2m.jpg
2,2_spot_014,117.5415,569.251,101,550,33,40,482,12.3865,21.0999,119.591,2m.jpg
2,2_spot_015,374.1,565.6412,360,552,29,28,340,10.4031,16.7147,92.724,2m.jpg
2,2_spot_016,566.2572,593.1538,551,576,31,35,416,11.5073,18.6295,49.929,2m.jpg
2,2_spot_017,463.0025,605.0494,450,587,27,37,405,11.3541,18.5541,45.9081,2m.jpg
2,2_spot_018,527.3114,624.3969,509,607,37,36,456,12.0478,20.5184,49.929,2m.jpg
2,2_spot_019,431.5113,638.4538,415,617,34,43,487,12.4506,22.9172,45.9081,2m.jpg
2,2_spot_020,324.4526,659.4347,303,638,44,44,559,13.3392,26.1822,106.123,2m.jpg
2,2_spot_021,589.2,677.8177,558,638,76,91,1635,22.8131,49.8279,50.7389,2m.jpg
2,2_spot_022,180.4,686.8815,160,666,42,42,540,13.1106,21.1261,133.3721,2m.jpg
2,2_spot_023,473.5781,681.5781,462,668,24,28,320,10.0925,14.7802,60.2439,2m.jpg
2,2_spot_024,631.6139,705.6655,614,682,36,48,562,13.375,24.0261,50.7389,2m.jpg
2,2_spot_025,520.0984,743.9009,495,691,53,108,1413,21.2078,53.7821,77.7706,2m.jpg
2,2_spot_026,803.0536,823.5571,781,802,45,44,578,13.564,25.8531,80.6097,2m.jpg
2,2_spot_027,285.0771,868.669,264,847,44,44,571,13.4817,25.1646,108.2599,2m.jpg
2,2_spot_028,900.9787,884.814,876,860,51,51,656,14.4503,29.2063,103.2757,2m.jpg
2,2_spot_029,392.6477,880.8659,376,864,35,35,440,11.8345,20.2331,83.9991,2m.jpg
2,2_spot_030,771.3475,897.6695,747,870,49,56,708,15.0121,29.4152,80.6097,2m.jpg
2,2_spot_031,1000.2615,913.2535,981,895,39,38,501,12.6283,22.4139,76.9081,2m.jpg
2,2_spot_032,458.8436,932.5762,440,914,39,38,505,12.6786,19.3253,76.645,2m.jpg
2,2_spot_033,298.9323,977.323,275,956,49,43,709,15.0227,24.6542,43.6213,2m.jpg
2,2_spot_034,350.5279,975.7401,337,960,28,33,377,10.9546,17.4429,51.6199,2m.jpg
2,2_spot_035,980.365,987.5434,960,963,41,50,611,13.9459,26.3487,76.9081,2m.jpg
2,2_spot_036,685.5724,988.1187,660,968,52,41,615,13.9914,28.302,124.6532,2m.jpg
2,2_spot_037,489.6646,1002.7511,472,985,36,36,474,12.2833,17.959,69.5294,2m.jpg
2,2_spot_038,288.4438,1019.6646,269,1003,40,35,480,12.3608,21.0298,43.6213,2m.jpg
2,2_spot_039,433.0133,1043.062,408,1018,51,51,677,14.6798,25.8274,69.5294,2m.jpg
2,2_spot_040,824.8473,1081.6557,802,1053,46,58,668,14.5819,30.5288,167.7697,2m.jpg
2,2_spot_041,601.6405,1230.5119,559,1201,85,62,1174,19.3312,42.1934,252.136,2m.jpg
3,3_spot_001,570.5854,125.8714,548,104,46,45,591,13.7157,27.4114,112.3225,3m.jpg
3,3_spot_002,434.6344,145.5048,415,126,40,40,517,12.8283,22.6496,135.4403,3m.jpg
3,3_spot_003,537.771,233.2938,510,206,57,56,725,15.1913,32.3304,63.5341,3m.jpg
3,3_spot_004,142.9608,279.033,118,254,51,51,637,14.2395,29.4513,163.7691,3m.jpg
3,3_spot_005,541.8559,296.6964,517,276,50,43,583,13.6226,26.1634,47.371,3m.jpg
3,3_spot_006,335.9331,318.644,303,292,66,61,1031,18.1157,36.1256,56.1939,3m.jpg
3,3_spot_007,568.1683,336.0877,540,309,56,55,707,15.0015,33.2943,47.371,3m.jpg
3,3_spot_008,405.3987,348.4535,385,324,41,50,602,13.8428,27.3543,75.5915,3m.jpg
3,3_spot_009,830.1756,383.6553,804,331,53,111,1407,21.1628,57.7171,64.5079,3m.jpg
3,3_spot_010,290.0368,351.0675,270,334,41,35,489,12.4761,21.401,56.1939,3m.jpg
3,3_spot_011,770.2137,407.4427,743,380,55,56,716,15.0967,31.2492,64.5079,3m.jpg
3,3_spot_012,566.2632,401.5673,546,382,41,41,513,12.7786,23.7146,57.4538,3m.jpg
3,3_spot_013,591.8757,452.9963,544,425,94,56,1344,20.6835,48.4367,57.4538,3m.jpg
3,3_spot_014,324.1298,446.1258,304,429,41,35,493,12.527,21.4815,87.3883,3m.jpg
3,3_spot_015,254.3984,498.7969,238,484,34,30,384,11.0558,17.25,45.8636,3m.jpg
3,3_spot_016,299.5792,543.7054,280,524,40,40,499,12.603,23.4416,40.2526,3m.jpg
3,3_spot_017,259.3325,544.3943,242,528,35,34,421,11.5762,19.2095,40.2526,3m.jpg
3,3_spot_018,48.4662,552.0819,26,530,45,45,562,13.375,24.5437,104.3165,3m.jpg
3,3_spot_019,332.9404,569.6026,315,552,37,37,453,12.0081,21.101,42.2331,3m.jpg
3,3_spot_020,185.4831,585.4171,164,564,44,44,561,13.3631,25.8724,73.0055,3m.jpg
3,3_spot_021,425.0426,624.8393,395,588,61,75,915,17.0662,40.5618,96.6436,3m.jpg
3,3_spot_022,728.2912,625.942,698,600,61,53,776,15.7165,32.0352,94.1963,3m.jpg
3,3_spot_023,123.7129,624.3305,98,604,54,38,714,15.0756,26.8051,73.0055,3m.jpg
3,3_spot_024,651.0575,696.9726,624,670,55,55,731,15.254,27.5593,93.0057,3m.jpg
3,3_spot_025,135.6103,698.7534,116,674,40,50,580,13.5875,25.3477,75.3679,3m.jpg
3,3_spot_026,363.4701,699.3296,338,678,52,44,619,14.0369,27.7355,90.1421,3m.jpg
3,3_spot_027,741.3614,719.2272,704,683,75,74,999,17.8323,46.3817,93.0057,3m.jpg
3,3_spot_028,326.6567,781.6119,304,752,46,60,670,14.6037,32.5001,90.1421,3m.jpg
3,3_spot_029,641.0292,795.8355,612,767,59,59,754,15.4921,34.5164,99.3702,3m.jpg
3,3_spot_030,946.1209,793.7043,919,766,55,56,761,15.5639,31.2492,125.2471,3m.jpg
3,3_spot_031,441.4018,819.9745,420,799,44,43,550,13.2314,24.8497,120.9881,3m.jpg
3,3_spot_032,917.0801,915.5381,880,879,74,74,1024,18.0541,42.9114,125.2471,3m.jpg
3,3_spot_033,632.1991,1284.5039,608,1260,50,50,643,14.3064,28.4254,466.1469,3m.jpg
4,4_spot_001,585.4169,131.5208,557,102,59,59,770,15.6556,33.6509,370.1212,4m.jpg
4,4_spot_002,901.2867,324.4352,882,300,40,50,586,13.6576,26.8562,370.1212,4m.jpg
4,4_spot_003,166.021,562.8546,142,542,50,42,619,14.0369,26.5001,312.6564,4m.jpg
4,4_spot_004,441.5342,722.601,419,700,46,46,629,14.1498,27.1018,106.6028,4m.jpg
4,4_spot_005,998.7762,771.6036,970,748,58,48,724,15.1808,31.3848,254.5354,4m.jpg
4,4_spot_006,368.9676,800.6922,335,768,68,67,926,17.1684,38.8122,106.6028,4m.jpg
4,4_spot_007,55.9972,865.6364,29,839,55,54,715,15.0861,31.8984,48.5574,4m.jpg
4,4_spot_008,272.0084,894.6657,245,868,55,55,718,15.1178,31.5655,118.49,4m.jpg
4,4_spot_009,85.5958,904.1299,58,876,56,57,762,15.5741,33.3543,48.5574,4m.jpg
4,4_spot_010,126.3667,976.2288,98,947,58,59,848,16.4294,34.7636,82.8283,4m.jpg
4,4_spot_011,351.4394,982.5895,332,960,39,46,553,13.2675,24.5968,118.49,4m.jpg
4,4_spot_012,901.8487,1006.9615,876,977,53,62,780,15.757,32.8715,106.2477,4m.jpg
4,4_spot_013,812.1679,1063.9346,784,1041,57,47,703,14.959,30.4139,97.8302,4m.jpg
4,4_spot_014,141.1663,1094.8106,126,1079,32,33,433,11.74,18.0279,40.268,4m.jpg
4,4_spot_015,683.0987,1107.8898,660,1080,48,56,699,14.9164,29.5856,136.3485,4m.jpg
4,4_spot_016,219.8126,1107.5444,201,1089,39,39,507,12.7037,21.7113,79.6705,4m.jpg
4,4_spot_017,878.2318,1136.0894,845,1103,67,67,906,16.982,39.0513,86.1126,4m.jpg
4,4_spot_018,130.1594,1133.545,114,1117,34,34,433,11.74,18.8216,40.268,4m.jpg
4,4_spot_019,959.4623,1164.6724,930,1136,59,59,809,16.0472,34.037,86.1126,4m.jpg
4,4_spot_020,128.2371,1198.9,103,1178,52,42,620,14.0482,27.5364,65.3832,4m.jpg
4,4_spot_021,261.2785,1283.4534,232,1258,59,51,772,15.6759,31.5675,157.6366,4m.jpg
5,5_spot_001,810.3227,120.0851,789,98,44,45,564,13.3988,26.9538,67.9484,5m.jpg
5,5_spot_002,744.4351,136.6929,724,116,42,42,547,13.1953,23.9036,67.9484,5m.jpg
5,5_spot_003,839.3316,221.5074,808,147,82,139,2087,25.7743,69.6592,105.4893,5m.jpg
5,5_spot_004,691.8011,252.8494,662,218,56,74,890,16.8314,37.3632,114.7286,5m.jpg
5,5_spot_005,324.9151,256.792,304,235,43,44,577,13.5523,21.8056,61.0078,5m.jpg
5,5_spot_006,264.931,267.9213,242,245,47,47,623,14.0822,23.9577,61.0078,5m.jpg
5,5_spot_007,379.0619,319.8,343,283,74,74,970,17.5716,44.9153,83.0776,5m.jpg
5,5_spot_008,868.998,339.1549,849,322,41,35,497,12.5778,21.0951,50.8835,5m.jpg
5,5_spot_009,759.9916,345.1137,742,327,37,37,475,12.2962,21.7113,62.9142,5m.jpg
5,5_spot_010,821.6272,357.7328,804,340,36,36,464,12.153,20.9375,50.8835,5m.jpg
5,5_spot_011,756.7189,430.515,731,393,51,78,1103,18.7376,39.2238,85.464,5m.jpg
5,5_spot_012,353.0533,503.1931,326,473,54,62,751,15.4613,32.9326,185.2282,5m.jpg
5,5_spot_013,536.6826,546.0893,515,521,45,51,627,14.1273,26.8944,104.9168,5m.jpg
5,5_spot_014,647.2243,561.1973,634,546,28,32,370,10.8524,16.5077,74.076,5m.jpg
5,5_spot_015,617.5468,629.0685,592,599,52,61,759,15.5434,32.7568,74.076,5m.jpg
5,5_spot_016,522.2094,650.003,495,628,55,45,659,14.4833,29.8413,51.8999,5m.jpg
5,5_spot_017,370.8603,696.1343,351,676,41,41,551,13.2434,23.1386,143.6824,5m.jpg
5,5_spot_018,514.4491,701.3194,494,684,43,36,501,12.6283,22.7432,41.1973,5m.jpg
5,5_spot_019,616.8646,726.8545,594,705,46,45,591,13.7157,25.8531,72.2747,5m.jpg
5,5_spot_020,544.6333,729.3574,524,708,42,43,540,13.1106,25.2266,41.1973,5m.jpg
5,5_spot_021,597.7216,915.8956,579,901,38,31,431,11.7129,20.2486,190.0079,5m.jpg
5,5_spot_022,415.9909,1067.8966,394,1049,46,39,551,13.2434,24.0116,236.9184,5m.jpg
5,5_spot_023,695.6327,1122.9412,668,1096,56,56,765,15.6047,31.7238,155.4994,5m.jpg
5,5_spot_024,667.0848,1275.7976,642,1251,51,50,672,14.6255,28.6924,155.4994,5m.jpg
5,5_spot_025,367.6629,1366.4569,345,1343,47,47,626,14.116,26.6342,302.4464,5m.jpg
6,6_spot_001,683.6049,338.4353,662,317,44,44,572,13.4935,22.0165,59.9954,6m.jpg
6,6_spot_002,596.09,351.9509,572,331,49,43,611,13.9459,25.3033,60.8195,6m.jpg
6,6_spot_003,334.0863,359.0712,307,332,56,55,730,15.2436,31.7078,138.9042,6m.jpg
6,6_spot_004,646.6748,385.7176,622,361,50,50,655,14.4393,30.4796,59.9954,6m.jpg
6,6_spot_005,454.6795,428.0034,422,395,66,67,886,16.7935,33.3675,138.9042,6m.jpg
6,6_spot_006,231.2262,482.1223,209,451,45,63,703,14.959,31.2612,90.8116,6m.jpg
6,6_spot_007,140.7405,489.8093,112,466,59,48,713,15.065,31.345,90.8116,6m.jpg
6,6_spot_008,639.6002,507.7341,603,471,74,74,1023,18.0452,42.012,122.2214,6m.jpg
6,6_spot_009,319.1555,685.1155,296,657,48,57,701,14.9377,30.2077,78.6537,6m.jpg
6,6_spot_010,395.6945,703.2315,368,675,56,57,743,15.3787,32.3324,78.6537,6m.jpg
6,6_spot_011,113.5067,878.8288,78,844,71,71,1040,18.1946,35.3985,282.5177,6m.jpg
6,6_spot_012,407.895,876.8117,381,850,55,55,733,15.2749,33.3018,111.7136,6m.jpg
6,6_spot_013,450.7829,979.9647,424,953,55,55,737,15.3165,32.5577,111.7136,6m.jpg
6,6_spot_014,713.232,1048.7151,685,1024,58,50,737,15.3165,30.887,80.6184,6m.jpg
6,6_spot_015,902.8228,1076.6772,876,1056,54,42,666,14.56,28.6532,104.1353,6m.jpg
6,6_spot_016,771.8386,1104.0739,745,1078,54,53,731,15.254,31.1931,54.445,6m.jpg
6,6_spot_017,816.5993,1135.0696,798,1112,38,47,589,13.6925,25.8119,54.445,6m.jpg
7,7_spot_001,590.6402,48.4613,520,12,140,76,1626,22.7502,71.5692,115.7038,7m.jpg
7,7_spot_002,910.9338,69.1748,857,16,109,108,1602,22.5817,54.5476,96.0638,7m.jpg
7,7_spot_003,1006.0317,82.7629,968,46,76,75,1105,18.7545,44.9028,96.0638,7m.jpg
7,7_spot_004,622.9043,159.5756,570,107,106,107,1494,21.8072,62.0434,115.7038,7m.jpg
7,7_spot_005,995.3005,224.7154,944,174,103,102,1504,21.8801,62.342,142.3575,7m.jpg
7,7_spot_006,525.6039,248.7754,479,208,94,82,1242,19.8832,49.6821,131.9999,7m.jpg
7,7_spot_007,391.5305,255.7873,354,218,76,77,1067,18.4292,38.1704,131.5952,7m.jpg
7,7_spot_008,271.1478,309.916,228,268,86,85,1191,19.4707,50.9314,107.7843,7m.jpg
7,7_spot_009,803.9433,355.921,708,279,191,152,3052,31.1686,96.2138,232.0183,7m.jpg
7,7_spot_010,469.6508,377.4266,430,338,80,80,1111,18.8054,47.508,93.0828,7m.jpg
7,7_spot_011,85.333,386.0722,26,344,121,89,1898,24.5795,60.2102,127.7254,7m.jpg
7,7_spot_012,351.9226,381.2804,292,348,122,76,1758,23.6556,64.6781,90.7075,7m.jpg
7,7_spot_013,411.242,449.903,375,422,73,57,876,16.6985,40.2648,90.7075,7m.jpg
7,7_spot_014,64.8825,512.1498,39,481,53,64,868,16.6221,33.6156,127.7254,7m.jpg
7,7_spot_015,406.1225,601.4726,373,569,67,67,914,17.0568,40.734,120.6972,7m.jpg
7,7_spot_016,826.2266,678.2124,784,635,86,86,1205,19.5848,48.6662,192.8591,7m.jpg
7,7_spot_017,634.8589,702.1503,579,659,112,88,1417,21.2378,60.7167,160.1599,7m.jpg
7,7_spot_018,474.7048,700.7917,433,670,84,63,1013,17.9568,46.1412,116.9053,7m.jpg
7,7_spot_019,61.0478,706.2679,32,677,60,61,836,16.3128,30.3735,98.5307,7m.jpg
7,7_spot_020,159.5707,707.5067,133,681,54,54,750,15.451,27.0489,98.5307,7m.jpg
7,7_spot_021,361.1034,728.3883,325,700,73,58,909,17.0101,39.452,116.9053,7m.jpg
7,7_spot_022,292.9125,837.998,258,803,71,71,983,17.6889,41.0428,102.0056,7m.jpg
7,7_spot_023,404.5525,848.3437,374,818,62,61,838,16.3323,37.2073,68.9102,7m.jpg
7,7_spot_024,449.9849,900.156,421,872,59,58,795,15.9077,35.7964,68.9102,7m.jpg
7,7_spot_025,288.0561,939.8879,262,913,53,53,749,15.4407,29.7827,102.0056,7m.jpg
7,7_spot_026,917.4811,1030.9331,867,972,100,120,1615,22.6731,64.7477,364.334,7m.jpg
7,7_spot_027,609.5296,1247.0222,567,1204,87,87,1216,19.674,50.0026,376.2029,7m.jpg
8,8_spot_001,453.4871,77.3266,401,35,109,86,1390,21.0345,58.7389,131.9075,8m.jpg
8,8_spot_002,642.0685,139.9229,612,110,60,61,817,16.1264,37.5034,81.744,8m.jpg
8,8_spot_003,682.5116,210.9612,626,148,116,136,2113,25.9343,79.1913,81.744,8m.jpg
8,8_spot_004,417.3815,204.1965,372,158,92,93,1308,20.4046,54.8567,126.6666,8m.jpg
8,8_spot_005,543.1107,219.578,498,188,91,64,1102,18.7291,46.4463,126.6666,8m.jpg
8,8_spot_006,865.9383,263.7773,825,223,83,83,1199,19.536,41.1891,177.626,8m.jpg
8,8_spot_007,243.9941,318.0903,202,276,85,86,1185,19.4216,51.0393,91.385,8m.jpg
8,8_spot_008,152.9111,310.6664,114,278,82,66,1148,19.116,44.4186,91.385,8m.jpg
8,8_spot_009,1002.489,377.3771,951,300,104,157,1912,24.67,78.32,118.7149,8m.jpg
8,8_spot_010,555.2254,377.5467,457,320,197,128,2817,29.9446,101.9511,152.1203,8m.jpg
8,8_spot_011,403.1052,377.3594,370,333,67,89,1074,18.4896,48.7084,152.1203,8m.jpg
8,8_spot_012,193.8771,418.4849,123,364,139,110,2279,26.9338,69.9519,112.2087,8m.jpg
8,8_spot_013,920.3599,463.0978,880,422,83,83,1206,19.5929,41.5722,118.7149,8m.jpg
8,8_spot_014,800.6718,590.9191,714,447,155,303,4028,35.8072,156.6047,175.1101,8m.jpg
8,8_spot_015,147.3654,661.357,102,616,92,92,1322,20.5135,45.9315,247.2857,8m.jpg
8,8_spot_016,1029.424,801.8233,950,722,158,152,2467,28.0227,99.9526,311.14,8m.jpg
8,8_spot_017,339.839,965.0824,285,909,111,112,1590,22.4969,65.4858,359.5764,8m.jpg
8,8_spot_018,736.6756,1234.573,683,1181,109,108,1569,22.3479,61.5874,479.6921,8m.jpg
8,8_spot_019,157.2973,1312.2015,109,1228,98,164,2496,28.1869,83.4522,109.6741,8m.jpg
8,8_spot_020,259.4648,1352.0789,220,1313,79,79,1179,19.3723,45.4535,109.6741,8m.jpg
9,9_spot_001,663.4989,453.4579,635,420,58,68,878,16.7175,35.847,93.0418,9m.jpg
9,9_spot_002,590.7042,511.4037,559,468,65,88,1038,18.1771,44.2296,93.0418,9m.jpg
9,9_spot_003,380.7209,510.0291,349,482,65,57,824,16.1953,34.482,81.63,9m.jpg
9,9_spot_004,308.6478,548.3558,286,529,46,40,548,13.2073,24.1672,81.63,9m.jpg
9,9_spot_005,790.7107,606.0953,757,529,75,153,2257,26.8035,76.148,100.2309,9m.jpg
9,9_spot_006,880.5286,650.5809,843,614,75,75,995,17.7966,43.7308,100.2309,9m.jpg
9,9_spot_007,478.6699,671.1869,448,641,62,62,824,16.1953,35.7545,151.8734,9m.jpg
9,9_spot_008,757.9874,756.8801,718,716,81,82,1109,18.7884,40.5645,154.2948,9m.jpg
9,9_spot_009,423.4868,812.6802,372,761,104,104,1401,21.1176,59.6658,151.8734,9m.jpg
9,9_spot_010,185.365,800.0095,161,770,50,61,737,15.3165,32.5001,238.4586,9m.jpg
9,9_spot_011,890.9487,883.3651,846,839,90,89,1268,20.0902,44.6788,183.5134,9m.jpg
9,9_spot_012,1079.5468,986.1805,1058,956,45,61,737,15.3165,30.8059,214.8027,9m.jpg
9,9_spot_013,503.2017,1035.1766,456,978,95,114,1512,21.9382,61.4004,236.3454,9m.jpg
10,10_spot_001,841.3292,98.81,748,52,176,102,2658,29.0872,89.9127,156.5995,10m.jpg
10,10_spot_002,207.1253,196.6521,155,146,104,104,1460,21.5577,62.3259,282.0134,10m.jpg
10,10_spot_003,714.9188,223.9271,657,177,117,94,1454,21.5133,63.4548,177.8591,10m.jpg
10,10_spot_004,915.015,236.9903,876,198,79,79,1133,18.9907,39.625,156.5995,10m.jpg
10,10_spot_005,433.7631,364.482,369,317,131,96,1587,22.4757,72.631,150.2128,10m.jpg
10,10_spot_006,594.7631,497.8423,534,446,122,105,1579,22.419,65.1806,120.2101,10m.jpg
10,10_spot_007,475.0632,508.9056,439,467,73,84,1091,18.6353,44.3425,120.2101,10m.jpg
10,10_spot_008,366.5518,574.5424,331,540,72,71,955,17.4352,40.1546,117.0899,10m.jpg
10,10_spot_009,417.0468,680.1847,385,648,65,66,877,16.708,36.8851,117.0899,10m.jpg
10,10_spot_010,277.3936,725.6669,227,676,101,100,1372,20.8979,57.6835,146.8729,10m.jpg
10,10_spot_011,713.1623,792.5738,672,751,84,84,1152,19.1492,47.1846,152.593,10m.jpg
10,10_spot_012,934.3302,805.1663,886,764,96,83,1263,20.0506,50.9363,107.7257,10m.jpg
10,10_spot_013,881.1844,898.8698,847,865,69,70,960,17.4808,41.7494,105.7345,10m.jpg
10,10_spot_014,440.6964,939.7582,396,895,90,90,1245,19.9072,54.1238,194.1655,10m.jpg
10,10_spot_015,694.0682,943.9674,649,898,92,93,1320,20.498,54.9398,84.9173,10m.jpg
10,10_spot_016,970.8061,954.9744,924,915,93,81,1289,20.2559,48.972,105.7345,10m.jpg
10,10_spot_017,738.3369,1016.4328,699,977,80,80,1116,18.8476,49.543,84.9173,10m.jpg
10,10_spot_018,993.6507,1066.616,968,1041,52,52,750,15.451,30.9254,81.1103,10m.jpg
10,10_spot_019,916.9757,1093.0702,880,1056,75,75,1069,18.4465,46.049,81.1103,10m.jpg
10,10_spot_020,455.0643,1133.3914,404,1092,102,85,1321,20.5058,54.167,194.1655,10m.jpg
11,11_spot_001,248.6848,290.8128,207,256,85,71,1047,18.2557,45.0251,100.7052,11m.jpg
11,11_spot_002,148.3646,299.6098,106,265,86,70,1056,18.334,46.1412,100.7052,11m.jpg
11,11_spot_003,330.1362,369.5534,253,312,149,112,1865,24.3649,86.1424,74.5239,11m.jpg
11,11_spot_004,815.5493,356.6877,774,316,83,82,1156,19.1824,49.3091,102.9916,11m.jpg
11,11_spot_005,473.3195,377.8621,440,345,67,67,870,16.6412,40.3858,90.8228,11m.jpg
11,11_spot_006,716.5257,385.0,676,345,82,82,1090,18.6268,49.543,102.9916,11m.jpg
11,11_spot_007,145.9874,401.5074,114,362,64,80,952,17.4078,43.2355,96.2096,11m.jpg
11,11_spot_008,324.9876,443.8992,300,419,50,50,645,14.3286,29.4513,74.5239,11m.jpg
11,11_spot_009,460.5952,467.7891,436,448,50,41,588,13.6809,26.435,90.8228,11m.jpg
11,11_spot_010,181.4678,490.9357,156,460,52,62,793,15.8877,32.7568,78.4231,11m.jpg
11,11_spot_011,259.5437,498.3069,231,470,58,58,756,15.5126,32.6498,78.4231,11m.jpg
11,11_spot_012,712.2592,522.4781,670,480,86,86,1165,19.257,51.793,137.5443,11m.jpg
11,11_spot_013,985.425,567.8494,923,517,124,103,1633,22.7991,66.6278,99.8964,11m.jpg
11,11_spot_014,484.0612,575.1874,447,538,76,76,1062,18.386,44.0513,99.6502,11m.jpg
11,11_spot_015,238.9971,602.5727,213,577,53,52,681,14.7231,31.4703,69.4899,11m.jpg
11,11_spot_016,1064.1677,629.322,1027,591,81,74,972,17.5897,48.5027,99.8964,11m.jpg
11,11_spot_017,274.1211,662.5322,241,637,68,52,793,15.8877,37.1518,58.7228,11m.jpg
11,11_spot_018,503.0612,673.0095,471,636,65,75,947,17.362,40.0313,90.6719,11m.jpg
11,11_spot_019,413.2776,685.6701,383,664,61,44,688,14.7986,30.9234,77.799,11m.jpg
11,11_spot_020,278.7532,721.072,247,690,64,64,847,16.4198,35.8522,58.7228,11m.jpg
11,11_spot_021,398.6839,762.0881,357,720,85,86,1158,19.199,42.9742,77.799,11m.jpg
11,11_spot_022,192.756,798.3812,161,771,65,55,787,15.8275,34.0486,115.6384,11m.jpg
11,11_spot_023,556.5541,954.0645,506,895,102,119,1534,22.0972,63.3394,181.6232,11m.jpg
11,11_spot_024,293.8296,947.5405,249,903,90,90,1197,19.5197,55.1997,92.5924,11m.jpg
11,11_spot_025,201.3449,952.0049,171,921,62,62,809,16.0472,34.9071,92.5924,11m.jpg
11,11_spot_026,802.9053,1038.0754,764,1004,79,69,1035,18.1508,41.9316,260.282,11m.jpg
11,11_spot_027,201.7466,1119.0587,142,1072,123,94,1567,22.3336,62.5001,147.7257,11m.jpg
11,11_spot_028,501.3328,1127.0894,452,1078,99,98,1364,20.8369,56.3062,140.7409,11m.jpg
11,11_spot_029,418.2739,1240.7081,356,1178,125,126,1785,23.8366,62.8841,140.7409,11m.jpg
11,11_spot_030,141.0931,1253.7586,102,1212,84,85,1342,20.6681,42.7666,147.7257,11m.jpg
11,11_spot_031,581.4571,1323.7526,537,1279,89,89,1269,20.0981,51.7157,183.0987,11m.jpg
12,12_spot_001,607.7205,200.1353,571,163,75,75,1027,18.0805,37.4562,153.3163,12m.jpg
12,12_spot_002,380.0644,210.4068,327,169,105,84,1320,20.498,56.6856,89.107,12m.jpg
12,12_spot_003,854.5096,287.798,804,245,100,87,1307,20.3968,53.0029,109.2199,12m.jpg
12,12_spot_004,417.4099,291.3102,384,259,66,66,893,16.8597,39.7053,78.4625,12m.jpg
12,12_spot_005,745.7789,298.124,706,258,81,81,1081,18.5497,45.3928,109.2199,12m.jpg
12,12_spot_006,494.8556,303.9014,459,269,72,72,1004,17.8769,42.4854,78.4625,12m.jpg
12,12_spot_007,1026.4646,387.5028,983,331,89,115,1412,21.2003,62.598,135.8502,12m.jpg
12,12_spot_008,526.6706,396.1995,485,355,84,83,1108,18.78,50.2843,97.6275,12m.jpg
12,12_spot_009,892.4326,409.6547,850,358,85,104,1306,20.389,55.3201,127.6214,12m.jpg
12,12_spot_010,372.3572,434.4462,307,381,137,117,2055,25.5759,76.0633,87.4108,12m.jpg
12,12_spot_011,245.8834,413.4904,209,384,75,60,883,16.7651,40.0781,128.1982,12m.jpg
12,12_spot_012,436.4005,493.9365,380,437,115,119,1763,23.6892,74.3002,87.4108,12m.jpg
12,12_spot_013,752.2431,658.6911,676,559,166,200,3694,34.2905,108.1042,162.8754,12m.jpg
12,12_spot_014,290.0068,595.1387,265,574,51,42,591,13.7157,26.6731,51.7647,12m.jpg
12,12_spot_015,515.6349,651.2482,470,607,91,90,1249,19.9391,53.5293,98.124,12m.jpg
12,12_spot_016,915.1116,660.1955,861,616,110,90,1371,20.8903,58.7389,104.7302,12m.jpg
12,12_spot_017,260.661,637.7815,238,620,47,36,531,13.0009,23.6486,51.7647,12m.jpg
12,12_spot_018,1016.9376,684.6879,993,655,50,60,721,15.1493,32.0703,104.7302,12m.jpg
12,12_spot_019,130.22,695.5108,107,672,48,48,650,14.3841,27.3383,101.2491,12m.jpg
12,12_spot_020,231.357,700.2732,207,682,49,38,549,13.2194,26.6694,69.0213,12m.jpg
12,12_spot_021,545.7405,744.6398,504,703,84,84,1152,19.1492,47.0572,98.124,12m.jpg
12,12_spot_022,296.3805,724.6374,263,704,67,43,728,15.2227,33.8679,69.4382,12m.jpg
12,12_spot_023,391.8519,738.4042,354,712,76,54,898,16.9069,38.8105,96.4589,12m.jpg
12,12_spot_024,953.4633,778.6157,894,720,119,118,1660,22.9868,59.168,102.1541,12m.jpg
12,12_spot_025,266.6048,792.0891,247,772,40,41,539,13.0984,20.319,50.7291,12m.jpg
12,12_spot_026,1035.9135,838.9269,996,788,80,103,1272,20.1219,55.754,102.1541,12m.jpg
12,12_spot_027,237.6394,833.7358,212,808,52,52,685,14.7663,25.8182,50.7291,12m.jpg
12,12_spot_028,356.0474,843.6525,326,814,61,61,823,16.1855,35.7964,103.2413,12m.jpg
12,12_spot_029,806.9267,861.5927,770,825,75,74,982,17.6799,43.9547,168.3988,12m.jpg
12,12_spot_030,180.768,860.335,159,835,44,51,612,13.9573,26.8922,62.7844,12m.jpg
12,12_spot_031,529.7645,899.4636,491,860,79,80,1100,18.7121,47.8371,137.187,12m.jpg
12,12_spot_032,162.3089,948.0511,129,915,67,67,900,16.9257,38.295,89.6373,12m.jpg
12,12_spot_033,279.0389,1018.0339,249,988,61,61,796,15.9177,35.7685,136.101,12m.jpg
12,12_spot_034,482.757,1028.3456,445,995,77,68,1004,17.8769,41.0772,94.4947,12m.jpg
12,12_spot_035,601.2382,1045.4309,554,999,95,95,1339,20.645,57.3194,119.7068,12m.jpg
12,12_spot_036,57.3466,1093.4313,29,1066,56,56,779,15.7469,28.28,81.453,12m.jpg
12,12_spot_037,501.8874,1120.8835,449,1067,107,107,1545,22.1763,53.5864,94.4947,12m.jpg
12,12_spot_038,112.0385,1153.7918,82,1128,61,53,754,15.4921,32.5961,81.453,12m.jpg
12,12_spot_039,411.8429,1274.136,350,1224,123,102,1757,23.6489,71.318,177.7479,12m.jpg
13,13_spot_001,446.69,418.0231,411,379,76,78,1258,20.0108,39.5851,103.5988,13m.jpg
13,13_spot_002,727.6362,419.7099,673,381,112,78,1358,20.791,56.8794,120.0805,13m.jpg
13,13_spot_003,348.9867,452.4727,310,399,76,111,1430,21.335,60.3843,103.5988,13m.jpg
13,13_spot_004,831.6705,479.6783,803,451,59,58,774,15.6962,33.6806,110.6905,13m.jpg
13,13_spot_005,965.8995,534.0919,932,501,68,68,925,17.1592,39.1282,139.3146,13m.jpg
13,13_spot_006,741.8596,544.3807,699,502,87,86,1182,19.397,49.543,110.6905,13m.jpg
13,13_spot_007,263.8333,537.1487,243,516,43,43,558,13.3273,25.1671,57.5517,13m.jpg
13,13_spot_008,302.0633,580.168,274,552,57,58,774,15.6962,33.7549,57.5517,13m.jpg
13,13_spot_009,1065.4222,631.5793,1021,580,87,106,1350,20.7296,57.8015,139.3146,13m.jpg
13,13_spot_010,362.3953,664.328,313,624,100,82,1247,19.9232,53.5211,103.5512,13m.jpg
13,13_spot_011,748.6827,671.2064,701,633,97,78,1182,19.397,52.7377,127.0091,13m.jpg
13,13_spot_012,270.6179,735.0709,243,713,55,45,649,14.373,29.5297,115.7626,13m.jpg
13,13_spot_013,612.0359,804.7083,556,750,112,111,1505,21.8874,68.0185,191.0369,13m.jpg
13,13_spot_014,133.301,812.5695,100,784,68,58,834,16.2933,35.847,120.1443,13m.jpg
13,13_spot_015,247.9197,848.5864,218,812,60,75,909,17.0101,41.0762,115.7626,13m.jpg
13,13_spot_016,1057.273,865.0225,1024,838,67,57,846,16.4101,36.0411,166.1928,13m.jpg
13,13_spot_017,945.4733,987.9895,897,939,99,99,1422,21.2753,58.0905,166.1928,13m.jpg
13,13_spot_018,431.675,1032.7788,375,976,114,115,1569,22.3479,57.3652,229.4994,13m.jpg
13,13_spot_019,220.9401,1123.6676,167,1078,111,91,1369,20.875,58.9174,229.4994,13m.jpg
13,13_spot_020,716.3644,1187.8113,687,1159,59,58,848,16.4294,29.4848,304.006,13m.jpg
14,14_spot_001,415.2077,151.713,382,125,67,55,756,15.5126,35.6722,205.9922,14m.jpg
14,14_spot_002,620.9769,161.2953,585,131,73,61,867,16.6125,38.8492,122.2779,14m.jpg
14,14_spot_003,594.7809,280.7342,548,234,94,94,1264,20.0585,54.2334,122.2779,14m.jpg
14,14_spot_004,427.5511,370.804,386,329,84,85,1087,18.6012,42.0358,188.1834,14m.jpg
14,14_spot_005,790.619,423.1265,747,381,87,86,1202,19.5604,43.2362,118.4907,14m.jpg
14,14_spot_006,712.7548,512.4418,674,486,78,53,885,16.784,39.6549,118.4907,14m.jpg
14,14_spot_007,481.9663,550.9483,449,518,67,66,889,16.8219,33.4499,119.563,14m.jpg
14,14_spot_008,593.5901,593.7904,566,571,56,46,649,14.373,29.6017,119.563,14m.jpg
14,14_spot_009,801.009,693.4363,746,629,102,124,2331,27.2393,64.042,143.6365,14m.jpg
14,14_spot_010,675.6866,763.6199,638,725,77,78,1005,17.8858,44.6375,143.6365,14m.jpg
14,14_spot_011,773.6749,956.1805,735,922,78,69,975,17.6168,41.1851,181.3773,14m.jpg
14,14_spot_012,253.8396,967.8062,218,933,72,71,929,17.1962,42.1946,117.0815,14m.jpg
14,14_spot_013,327.0893,1059.1438,288,1010,79,100,1210,19.6254,54.8863,117.0815,14m.jpg
14,14_spot_014,490.2529,1074.507,458,1047,66,56,783,15.7872,34.9861,163.8853,14m.jpg
14,14_spot_015,826.1259,1129.8084,785,1094,83,72,1096,18.678,43.9091,181.3773,14m.jpg
15,15_spot_001,481.4228,28.7121,448,0,73,51,719,15.1283,38.5137,171.9889,15m.jpg
15,15_spot_002,686.7701,57.977,640,18,94,82,1218,19.6901,49.8228,207.4221,15m.jpg
15,15_spot_003,275.4987,97.7208,228,63,95,71,1139,19.0409,51.793,98.5062,15m.jpg
15,15_spot_004,359.1785,149.6935,326,116,67,68,930,17.2055,33.8915,93.8814,15m.jpg
15,15_spot_005,286.9252,209.6366,245,168,86,85,1230,19.7869,42.8734,92.5449,15m.jpg
15,15_spot_006,379.3169,260.852,344,220,71,82,1054,18.3166,43.0466,90.1586,15m.jpg
15,15_spot_007,298.7993,301.4166,266,268,67,67,917,17.0848,33.4917,90.1586,15m.jpg
15,15_spot_008,868.5441,325.2893,779,278,179,99,2575,28.6295,93.5199,223.7615,15m.jpg
15,15_spot_009,125.0661,330.4932,83,294,85,74,1105,18.7545,45.277,176.1496,15m.jpg
15,15_spot_010,723.0068,495.2543,682,454,83,83,1172,19.3147,47.8686,223.7615,15m.jpg
15,15_spot_011,203.8791,546.3707,167,511,74,73,1017,17.9923,43.6164,126.3111,15m.jpg
15,15_spot_012,471.741,624.4252,413,565,119,119,1691,23.2005,66.9805,102.4047,15m.jpg
15,15_spot_013,136.0622,652.9323,92,608,90,90,1286,20.2323,45.1196,126.3111,15m.jpg
15,15_spot_014,553.6555,685.8803,514,638,80,95,1228,19.7708,50.2495,102.4047,15m.jpg
15,15_spot_015,316.0809,697.763,274,665,84,67,1038,18.1771,45.277,81.0395,15m.jpg
15,15_spot_016,852.7354,773.9557,796,705,112,139,1829,24.1286,74.8616,256.805,15m.jpg
15,15_spot_017,40.734,759.3781,8,726,68,68,1034,18.142,34.085,124.1804,15m.jpg
15,15_spot_018,343.3337,774.0826,310,740,68,69,932,17.224,39.7809,81.0395,15m.jpg
15,15_spot_019,159.5333,795.5376,128,763,64,65,932,17.224,35.6091,124.1804,15m.jpg
15,15_spot_020,383.6569,913.7642,344,874,80,80,1090,18.6268,48.5117,145.3854,15m.jpg
15,15_spot_021,529.517,983.1433,467,936,127,95,1528,22.054,70.0804,139.5013,15m.jpg
15,15_spot_022,896.5323,1026.9984,813,945,166,165,2506,28.2433,93.2806,230.1351,15m.jpg
15,15_spot_023,668.1851,998.3672,622,952,93,93,1291,20.2716,54.8853,139.5013,15m.jpg
15,15_spot_024,590.1288,1121.4078,543,1074,95,95,1312,20.4358,58.0216,145.7113,15m.jpg
